"pathway","pval","padj","ES","NES","nMoreExtreme","size","leadingEdge"
"HALLMARK_TNFA_SIGNALING_VIA_NFKB",0.00191204588910134,0.00431331953071084,0.633099002985284,2.4088187136687,0,196,"c(""EGR1"", ""GADD45B"", ""FOS"", ""NFKBIA"", ""GEM"", ""MYC"", ""HES1"", ""SAT1"", ""FJX1"", ""TNFRSF9"", ""CYR61"", ""PTX3"", ""ID2"", ""KLF9"", ""RHOB"", ""PTGS2"", ""RIPK2"", ""MARCKS"", ""PHLDA2"", ""DUSP1"", ""FOSB"", ""DUSP4"", ""G0S2"", ""PANX1"", ""BHLHE40"", ""CCND1"", ""NAMPT"", ""EGR3"", ""JUN"", ""IER5"", ""PLAU"", ""PFKFB3"", ""NFKB2"", ""JUNB"", ""TNC"", ""TRIB1"", ""RELB"", ""BMP2"", ""TNFAIP3"", ""SDC4"", ""IL15RA"", ""ETS2"", ""SLC2A6"", ""GCH1"", ""KLF4"", ""INHBA"", ""LDLR"", ""ATF3"", ""F2RL1"", ""IER3"", ""B4GALT5"", ""KLF6"", ""CD83"", ""TNIP1"", ""TNFSF9"", ""DUSP5"", ""CSF1"", ""LAMB3"", 
""CCL20"", ""CXCL1"", ""PHLDA1"", ""CXCL2"", ""ICAM1"", ""SOD2"", ""FUT4"", ""MAFF"", ""ATP2B1"", ""CD44"", ""CEBPD"", ""IFIH1"", ""SGK1"", ""MAP2K3"", ""CEBPB"", ""TNFAIP8"", ""NR4A1"", ""B4GALT1"", ""NR4A2"", ""NINJ1"", ""TAP1"", ""PMEPA1"", ""CCL2"", ""TNF"", ""IER2"", ""ZBTB10"")"
"HALLMARK_HYPOXIA",0.00191204588910134,0.00431331953071084,0.538213251327889,2.04779686214927,0,196,"c(""PGK1"", ""FOS"", ""LDHA"", ""SLC37A4"", ""HSPA5"", ""NDRG1"", ""CYR61"", ""PGM1"", ""CSRP2"", ""TPI1"", ""KDELR3"", ""DUSP1"", ""FAM162A"", ""COL5A1"", ""EXT1"", ""ENO1"", ""BHLHE40"", ""ADORA2B"", ""MIF"", ""PFKP"", ""JUN"", ""AKAP12"", ""SDC2"", ""GALK1"", ""TPST2"", ""GPI"", ""CITED2"", ""GPC1"", ""PRDX5"", ""PFKFB3"", ""GAPDH"", ""CHST2"", ""SCARB1"", ""B3GALT6"", ""TNFAIP3"", ""SDC4"", ""ERRFI1"", ""TPBG"", ""ATF3"", ""IER3"", ""ALDOA"", ""CTGF"", ""GAA"", ""KLF6"", ""GPC4"", ""CA12"", ""HMOX1"", ""PGM2"", ""PCK1"", ""GPC3"", ""AK4"", ""EGFR"", ""BCL2"", ""LOX"", ""TGM2"", ""MAFF"", ""CHST3"", ""ALDOC"", 
""CXCR4"", ""SIAH2"")"
"HALLMARK_CHOLESTEROL_HOMEOSTASIS",0.00198412698412698,0.00431331953071084,0.579533682226607,1.94954432486525,0,73,"c(""SCD"", ""DHCR7"", ""HMGCS1"", ""EBP"", ""CYP51A1"", ""SQLE"", ""CD9"", ""ALCAM"", ""FASN"", ""LGMN"", ""ACTG1"", ""FABP5"", ""ERRFI1"", ""LDLR"", ""ATF3"", ""S100A11"", ""ECH1"", ""STARD4"", ""CXCL16"", ""IDI1"", ""FDFT1"", ""CBS"", ""FADS2"", ""ACAT2"", ""SREBF2"", ""TMEM97"", ""ALDOC"", ""ABCA2"", ""MVK"", ""LGALS3"", ""NFIL3"", ""LPL"", ""PMVK"", ""NSDHL"", ""MAL2"", ""PDK3"")"
"HALLMARK_ADIPOGENESIS",0.00187265917602996,0.00431331953071084,0.519685315794013,1.98279727707478,0,192,"c(""DHCR7"", ""ACLY"", ""SLC1A5"", ""PGM1"", ""UQCR11"", ""SORBS1"", ""ALDH2"", ""DHRS7"", ""ESRRA"", ""MDH2"", ""APLP2"", ""PFKFB3"", ""ATP1B3"", ""SCARB1"", ""GPX4"", ""CMPK1"", ""CYC1"", ""CD151"", ""GRPEL1"", ""UQCRC1"", ""COL4A1"", ""TST"", ""ENPP2"", ""TKT"", ""APOE"", ""COX6A1"", ""SLC25A10"", ""PPP1R15B"", ""SOD1"", ""PRDX3"", ""PIM3"", ""ALDOA"", ""COX7B"", ""SLC5A6"", ""LAMA4"", ""SLC19A1"", ""MTCH2"", ""DNAJB9"", ""NDUFAB1"", ""UQCR10"", ""ECH1"", ""STOM"", ""ARL4A"", ""NDUFB7"", ""SDHC"", ""CHCHD10"", ""MGST3"", ""ME1"", ""PDCD4"", ""CD302"", ""VEGFB"", ""AK2"", ""UQCRQ"", ""PEMT"", ""PQLC3"", 
""COX8A"", ""PREB"", ""RREB1"", ""IMMT"", ""REEP5"", ""ECHS1"", ""CS"", ""COQ3"", ""SDHB"", ""DHRS7B"", ""REEP6"", ""LPCAT3"", ""DGAT1"", ""ANGPT1"", ""RTN3"", ""ETFB"", ""SUCLG1"", ""LPL"", ""ATP5O"", ""BCL2L13"", ""SCP2"", ""NMT1"", ""IDH3G"", ""COL15A1"", ""DLD"", ""ARAF"", ""PTRF"", ""GPX3"", ""ACADS"", ""FZD4"", ""DNAJC15"", ""RNF11"", ""HADH"", ""TALDO1"", ""PPARG"", ""DLAT"", ""MRPL15"", ""GADD45A"", ""IFNGR1"", ""JAGN1"", ""CHUK"")"
"HALLMARK_ESTROGEN_RESPONSE_EARLY",0.00190839694656489,0.00431331953071084,0.536849130460818,2.04603299135704,0,198,"c(""PMAIP1"", ""FOS"", ""MYC"", ""HES1"", ""DHCR7"", ""GJA1"", ""ABCA3"", ""ASB13"", ""ADCY1"", ""BHLHE40"", ""CCND1"", ""SLC16A1"", ""FOXC1"", ""GLA"", ""EGR3"", ""RAB31"", ""FASN"", ""FARP1"", ""SLC7A5"", ""RPS6KA2"", ""TIAM1"", ""TUBB2B"", ""SCARB1"", ""SLC7A2"", ""CHPT1"", ""NPY1R"", ""MYBBP1A"", ""SLC27A2"", ""PPIF"", ""KLF4"", ""SLC19A2"", ""TPBG"", ""TPD52L1"", ""NBL1"", ""ABLIM1"", ""CA12"", ""XBP1"", ""ENDOD1"", ""PODXL"", ""SLC39A6"", ""ELOVL5"", ""FDFT1"", ""PRSS23"", ""UGCG"", ""BCL2"", ""TGM2"", ""GREB1"", ""SIAH2"", ""FHL2"", ""KCNK15"", ""CD44"", ""ELF1"", ""RASGRP1"", ""KAZN"", ""MYB"", ""B4GALT1"", 
""ISG20L2"", ""IGF1R"", ""DLC1"", ""RET"", ""CALB2"", ""AKAP1"", ""WWC1"", ""SULT2B1"", ""SLC1A4"", ""PTGES"", ""DYNLT3"", ""MAPT"", ""HR"", ""IGFBP4"", ""ESRP2"", ""RHOBTB3"", ""MAST4"", ""REEP1"", ""FKBP5"", ""WISP2"", ""KRT18"", ""NCOR2"", ""NXT1"", ""AREG"", ""SLC26A2"", ""SYNGR1"", ""SLC22A5"", ""CELSR2"", ""FKBP4"", ""CISH"", ""KRT13"", ""WFS1"", ""PDLIM3"", ""CYP26B1"")"
"HALLMARK_ESTROGEN_RESPONSE_LATE",0.00190839694656489,0.00431331953071084,0.568611733046624,2.16566831045991,0,194,"c(""FOS"", ""CA2"", ""DHCR7"", ""CKB"", ""GAL"", ""ABCA3"", ""ID2"", ""IDH2"", ""SLC29A1"", ""CCND1"", ""SLC16A1"", ""CD9"", ""FOXC1"", ""GLA"", ""EGR3"", ""RAB31"", ""FARP1"", ""SLC7A5"", ""RPS6KA2"", ""RNASEH2A"", ""TIAM1"", ""SORD"", ""SCARB1"", ""PERP"", ""CHPT1"", ""NPY1R"", ""FABP5"", ""SLC27A2"", ""TST"", ""ASS1"", ""PPIF"", ""KLF4"", ""TPBG"", ""COX6C"", ""TPD52L1"", ""PRKAR2B"", ""NBL1"", ""TSPAN13"", ""CA12"", ""UNC13B"", ""XBP1"", ""NMU"", ""DNAJC12"", ""EMP2"", ""ELOVL5"", ""FDFT1"", ""PLAC1"", ""CDH1"", ""HOMER2"", ""PRSS23"", ""BCL2"", ""TFPI2"", ""PDCD4"", ""SIAH2"", ""CD44"", ""CHST8"", ""MYB"", 
""SGK1"", ""IGSF1"", ""RET"", ""SERPINA3"", ""SULT2B1"", ""NAB2"", ""SLC1A4"", ""CACNA2D2"", ""DCXR"", ""HPRT1"", ""PTGES"", ""DYNLT3"", ""MAPT"", ""ETFB"", ""GINS2"", ""HR"", ""IGFBP4"", ""FKBP5"", ""WISP2"", ""DUSP2"", ""NCOR2"", ""NXT1"", ""IMPA2"", ""AREG"", ""SLC26A2"", ""SLC22A5"", ""CELSR2"", ""FKBP4"", ""CISH"", ""KRT13"", ""CCNA1"", ""WFS1"", ""PDLIM3"", ""CYP26B1"", ""TFAP2C"", ""SERPINA5"", ""PRLR"", ""ST14"", ""IL17RB"", ""LLGL2"", ""SNX10"", ""MYOF"", ""LAMC2"", ""OVOL2"")"
"HALLMARK_ANDROGEN_RESPONSE",0.00192678227360308,0.00431331953071084,0.583812249547952,2.04865532880204,0,99,"c(""SCD"", ""INSIG1"", ""SAT1"", ""NDRG1"", ""DHCR24"", ""ADAMTS1"", ""DBI"", ""HMGCS1"", ""ANKH"", ""CCND1"", ""SLC38A2"", ""FADS1"", ""AKAP12"", ""CAMKK2"", ""UAP1"", ""SPCS3"", ""GUCY1A3"", ""SORD"", ""PA2G4"", ""TMEM50A"", ""SMS"", ""HPGD"", ""DNAJB9"", ""B2M"", ""IDI1"", ""ELOVL5"", ""MAF"", ""UBE2J1"", ""SRP19"", ""CDK6"", ""ALDH1A3"", ""HOMER2"", ""ACTN1"", ""SEC24D"", ""GSR"", ""ABCC4"", ""SGK1"", ""TNFAIP8"", ""B4GALT1"", ""TPD52"", ""LMAN1"", ""PMEPA1"", ""SRF"", ""ZBTB10"", ""RAB4A"", ""FKBP5"", ""ELL2"", ""PDLIM5"", ""SLC26A2"", ""IQGAP2"", ""HMGCR"", ""MAP7"")"
"HALLMARK_COMPLEMENT",0.00189753320683112,0.00431331953071084,0.440792891659679,1.67444564521253,0,187,"c(""CA2"", ""HSPA5"", ""CTSC"", ""FN1"", ""HPCAL4"", ""CALM3"", ""GNB4"", ""LGMN"", ""MMP15"", ""CALM1"", ""TNFAIP3"", ""CD55"", ""CTSB"", ""HSPA1A"", ""COL4A2"", ""S100A13"", ""PFN1"", ""LTA4H"", ""DUSP5"", ""TIMP1"", ""CASP7"", ""APOC1"", ""CSRP1"", ""TFPI2"", ""CDA"", ""SH2B3"", ""CXCL1"", ""ME1"", ""TIMP2"", ""MAFF"", ""ADAM9"", ""FDX1"", ""RASGRP1"", ""CEBPB"", ""USP14"", ""DYRK2"", ""PSMB9"", ""CD46"", ""ATOX1"", ""DPP4"", ""MMP12"", ""LYN"", ""PREP"", ""ADRA2B"", ""ERAP2"", ""LGALS3"", ""DUSP6"", ""GZMB"", ""LAP3"", ""LIPA"", ""SERPING1"", ""KCNIP3"", ""CTSH"", ""KLK1"", ""PLA2G4A"", ""RABIF"", ""PDP1"", 
""EHD1"", ""PHEX"", ""OLR1"", ""C1R"", ""PRKCD"", ""LRP1"", ""PRCP"", ""PIK3R5"", ""CD59"", ""GNG2"")"
"HALLMARK_UNFOLDED_PROTEIN_RESPONSE",0.00189393939393939,0.00431331953071084,0.563399676063738,2.01437462774953,0,110,"c(""SSR1"", ""ASNS"", ""HSPA5"", ""NFYA"", ""NHP2"", ""PDIA6"", ""KDELR3"", ""LSM4"", ""NOLC1"", ""MTHFD2"", ""EIF4EBP1"", ""EIF4A1"", ""HSP90B1"", ""EXOSC2"", ""SRPRB"", ""PSAT1"", ""SLC7A5"", ""SPCS3"", ""CALR"", ""SERP1"", ""DCTN1"", ""ATF3"", ""FKBP14"", ""XBP1"", ""DNAJB9"", ""IARS"", ""HYOU1"", ""ALDH18A1"", ""PDIA5"", ""IMP3"", ""GEMIN4"", ""YIF1A"", ""NPM1"", ""EIF4G1"", ""DKC1"", ""TATDN2"", ""EIF4A3"", ""CEBPB"", ""XPOT"", ""NOP14"", ""PREB"", ""EXOSC4"", ""CCL2"", ""SPCS1"", ""CHAC1"", ""SLC1A4"", ""YWHAZ"", ""BANF1"", ""ARFGAP1"", ""SLC30A5"", ""H2AFX"", ""TUBB2A"", ""RPS14"", ""EXOC2"", ""NOP56"", 
""WFS1"")"
"HALLMARK_MTORC1_SIGNALING",0.00190839694656489,0.00431331953071084,0.605901441949321,2.30920433581589,0,198,"c(""PGK1"", ""RRM2"", ""SCD"", ""PNP"", ""INSIG1"", ""LDHA"", ""RPN1"", ""SSR1"", ""IGFBP5"", ""ASNS"", ""DHCR7"", ""SLC37A4"", ""HSPA5"", ""ACLY"", ""DHCR24"", ""TFRC"", ""CTSC"", ""PPIA"", ""SLC1A5"", ""PGM1"", ""TPI1"", ""SDF2L1"", ""BCAT1"", ""HMGCS1"", ""TUBG1"", ""EBP"", ""ENO1"", ""MTHFD2"", ""CYP51A1"", ""SQLE"", ""BHLHE40"", ""CD9"", ""FADS1"", ""NAMPT"", ""GLA"", ""HSP90B1"", ""LGMN"", ""PRDX1"", ""PSAT1"", ""SLC7A5"", ""ATP5G1"", ""GPI"", ""CALR"", ""GAPDH"", ""SERP1"", ""SORD"", ""SHMT2"", ""HMBS"", ""ATP2A2"", ""IFI30"", ""ABCF2"", ""LDLR"", ""PPA1"", ""ALDOA"", ""LTA4H"", ""XBP1"", ""PSMB5"", ""PHGDH"", 
""GOT1"", ""STARD4"", ""TOMM40"", ""IDI1"", ""ELOVL5"", ""PSPH"", ""EIF2S2"", ""FADS2"", ""CCT6A"", ""AK4"", ""NUP205"", ""PLOD2"", ""ME1"", ""POLR3G"", ""TMEM97"", ""GSR"", ""CXCR4"", ""G6PD"", ""MAP2K3"", ""EGLN3"", ""RDH11"", ""PSMA4"", ""IMMT"", ""SRD5A1"", ""HK2"", ""FKBP2"", ""SLC1A4"", ""HPRT1"", ""EPRS"", ""NFIL3"", ""MCM4"")"
"HALLMARK_MYC_TARGETS_V1",0.00190839694656489,0.00431331953071084,0.657588240655165,2.5077733916479,0,197,"c(""PGK1"", ""PRDX4"", ""MYC"", ""LDHA"", ""GNL3"", ""RAN"", ""PPIA"", ""FAM120A"", ""VDAC1"", ""NHP2"", ""TUFM"", ""IMPDH2"", ""LSM2"", ""NME1"", ""NOLC1"", ""CCT5"", ""LSM7"", ""RPS2"", ""EIF4A1"", ""TXNL4A"", ""H2AFZ"", ""RANBP1"", ""SERBP1"", ""G3BP1"", ""PRPS2"", ""TFDP1"", ""GLO1"", ""C1QBP"", ""SNRPG"", ""PHB"", ""FBL"", ""CYC1"", ""PA2G4"", ""VDAC3"", ""GOT2"", ""DDX18"", ""PRDX3"", ""SNRPA"", ""SNRPD2"", ""DDX21"", ""CBX3"", ""CLNS1A"", ""SRPK1"", ""SNRPA1"", ""NDUFAB1"", ""HNRNPA1"", ""ABCE1"", ""PABPC4"", ""IARS"", ""HDDC2"", ""MRPL23"", ""SSBP1"", ""POLD2"", ""SRM"", ""EIF2S2"", ""YWHAQ"", ""CAD"", 
""EIF3B"", ""CCT4"", ""EXOSC7"", ""SSB"", ""NPM1"", ""RPL14"", ""STARD7"", ""RUVBL2"", ""RPS3"", ""HNRNPA2B1"", ""SNRPD3"", ""HDGF"", ""COX5A"", ""XPOT"", ""YWHAE"", ""DUT"", ""KARS"", ""PSMA2"", ""PSMA4"", ""SYNCRIP"", ""PSMB3"", ""PTGES3"", ""RSL1D1"", ""RPLP0"", ""HPRT1"", ""EPRS"", ""NCBP2"", ""RPL34"", ""MCM4"", ""CCT3"", ""AP3S1"", ""HNRNPR"", ""SLC25A3"", ""HNRNPC"", ""RPS5"", ""RRM1"", ""NAP1L1"", ""EIF3J"", ""SET"", ""SNRPD1"", ""PSMA7"", ""HSPE1"", ""PSMA6"", ""VBP1"", ""CNBP"", ""RPS10"", ""MAD2L1"", ""CCT7"", ""UBE2L3"", ""NOP56"", ""PPM1G"", ""DEK"", ""RAD23B"", ""RPL22"", ""RFC4"", ""NOP16"", 
""KPNA2"", ""GSPT1"", ""EIF4G2"", ""TRIM28"", ""TYMS"", ""EIF1AX"", ""ACP1"", ""ERH"", ""RPL18"", ""PWP1"", ""HSP90AB1"", ""PSMA1"", ""SRSF3"")"
"HALLMARK_MYC_TARGETS_V2",0.00186219739292365,0.00431331953071084,0.615308475555505,1.99304659166004,0,58,"c(""MYC"", ""GNL3"", ""NOLC1"", ""TCOF1"", ""NDUFAF4"", ""SORD"", ""DCTPP1"", ""PHB"", ""MYBBP1A"", ""PA2G4"", ""IPO4"", ""DDX18"", ""MRTO4"", ""CBX3"", ""SLC19A1"", ""SLC29A2"", ""SRM"", ""PPAN"", ""NPM1"", ""NIP7"", ""TMEM97"", ""BYSL"", ""NOP2"", ""GRWD1"", ""IMP4"", ""HK2"", ""FARSA"", ""MCM4"", ""MAP3K6"", ""PRMT3"", ""DUSP2"", ""HSPE1"", ""PPRC1"", ""PUS1"", ""NOP56"", ""UNG"")"
"HALLMARK_EPITHELIAL_MESENCHYMAL_TRANSITION",0.00190839694656489,0.00431331953071084,0.619145046581393,2.36116672621831,0,197,"c(""GADD45B"", ""IL32"", ""GEM"", ""SAT1"", ""GJA1"", ""CYR61"", ""PTX3"", ""ID2"", ""PPIB"", ""RHOB"", ""GAS1"", ""FN1"", ""PVR"", ""FZD8"", ""COL5A1"", ""MSX1"", ""IGFBP2"", ""BASP1"", ""SNAI2"", ""JUN"", ""CRLF1"", ""GPC1"", ""TNC"", ""FLNA"", ""TGFB1"", ""TIMP3"", ""LAMA1"", ""TGFBR3"", ""TNFAIP3"", ""SDC4"", ""PLOD1"", ""COL4A1"", ""LAMC1"", ""COL4A2"", ""INHBA"", ""COL1A1"", ""CALD1"", ""CTGF"", ""QSOX1"", ""CALU"", ""DKK1"", ""THBS2"", ""TIMP1"", ""FBN2"", ""CDH2"", ""SPARC"", ""EDIL3"", ""CADM1"", ""PLOD2"", ""TFPI2"", ""NID2"", ""FUCA1"", ""CXCL1"", ""LOX"", ""VCAN"", ""WNT5A"", ""PMP22"", ""LUM"", ""TGM2"", 
""EMP3"", ""SERPINE2"", ""SFRP1"", ""COL12A1"", ""CD44"", ""SLIT3"", ""WIPF1"", ""LAMA2"", ""COL3A1"", ""LOXL2"", ""ITGB5"", ""PMEPA1"", ""ADAM12"", ""VIM"", ""POSTN"", ""LGALS1"", ""COL6A2"", ""MATN3"", ""IGFBP4"", ""SLIT2"", ""ABI3BP"", ""AREG"", ""ITGA2"", ""FBLN2"", ""MMP2"", ""FBLN5"", ""NT5E"", ""LRP1"", ""FBLN1"", ""COL11A1"", ""RGS4"", ""DST"", ""GADD45A"", ""SDC1"", ""CDH11"", ""DAB2"", ""CD59"", ""FGF2"", ""PLOD3"", ""TNFRSF11B"", ""LAMC2"")"
"HALLMARK_INFLAMMATORY_RESPONSE",0.00186915887850467,0.00431331953071084,0.445270591555674,1.697283749782,0,191,"c(""NFKBIA"", ""MYC"", ""ROS1"", ""TNFRSF9"", ""LY6E"", ""PVR"", ""RIPK2"", ""NAMPT"", ""ADORA2B"", ""RGS16"", ""CHST2"", ""SRI"", ""SLC7A2"", ""CD55"", ""IL15RA"", ""ATP2A2"", ""SLC7A1"", ""GCH1"", ""INHBA"", ""SGMS2"", ""LDLR"", ""TPBG"", ""PDPN"", ""KLF6"", ""IL18R1"", ""TNFSF9"", ""CSF1"", ""TIMP1"", ""TAPBP"", ""IFITM1"", ""GPC3"", ""CCL20"", ""ICAM1"", ""EMP3"", ""ATP2B1"", ""RASGRP1"", ""FZD5"", ""SLC4A4"", ""CCL2"", ""LYN"", ""PROK2"", ""PCDH7"", ""NOD2"", ""PTGER2"", ""IL1R1"", ""IL18RAP"", ""SLC31A2"", ""ICAM4"", ""IL4R"", ""CXCL10"", ""GPR183"", ""LPAR1"", ""STAB1"", ""OLR1"", ""NPFFR2"", ""NMI"", 
""MET"", ""IL2RB"", ""KCNA3"", ""NFKB1"")"
"HALLMARK_XENOBIOTIC_METABOLISM",0.00191204588910134,0.00431331953071084,0.429409412043921,1.63381939108963,0,196,"c(""PYCR1"", ""CA2"", ""ID2"", ""SLC1A5"", ""BCAT1"", ""ALDH2"", ""AHCY"", ""CYB5A"", ""DHRS7"", ""PGRMC1"", ""GART"", ""SHMT2"", ""MAN1A1"", ""ETS2"", ""ATP2A2"", ""SSR3"", ""APOE"", ""GCH1"", ""ETFDH"", ""TMBIM6"", ""HMOX1"", ""NFS1"", ""ECH1"", ""CBR1"", ""IRF8"", ""ELOVL5"", ""GSS"", ""SPINT2"", ""PROS1"", ""GSTO1"", ""COMT"", ""CDA"", ""ARPP19"", ""TMEM97"", ""PGD"", ""GSR"", ""PEMT"", ""KARS"", ""NINJ1"", ""EPHX1"", ""PTGES3"", ""DCXR"", ""HPRT1"", ""PTGES"", ""MCCC2"", ""MTHFD1"", ""IGFBP4"", ""IL1R1"", ""CYP2J2"", ""MT2A"", ""PC"", ""EPHA2"", ""ATOH8"", ""NMT1"", ""SERPINA6"", ""HES6"", ""CROT"", ""PDLIM5"", 
""CYP1A1"", ""SLC6A6"", ""PINK1"", ""TMEM176B"", ""TPST1"", ""NDRG2"", ""ACOX3"", ""FBLN1"", ""ACP2"", ""LONP1"", ""ADH5"")"
"HALLMARK_FATTY_ACID_METABOLISM",0.00191570881226054,0.00431331953071084,0.484767235017795,1.79917879675961,0,155,"c(""CA2"", ""LDHA"", ""DHCR24"", ""PRDX6"", ""HMGCS1"", ""G0S2"", ""GLUL"", ""MIF"", ""FASN"", ""H2AFZ"", ""MDH2"", ""PDHB"", ""CPOX"", ""SUCLG2"", ""ETFDH"", ""ALDOA"", ""SMS"", ""HPGD"", ""PDHA1"", ""ECI2"", ""ECH1"", ""CBR1"", ""HADHB"", ""IDI1"", ""ELOVL5"", ""FH"", ""OSTC"", ""SDHC"", ""ACAT2"", ""ACSL4"", ""PCBD1"", ""ME1"", ""PSME1"", ""NBN"", ""CPT1A"", ""HSD17B11"", ""RDH11"", ""ECI1"", ""ACSM3"", ""MDH1"", ""EPHX1"", ""ECHS1"", ""REEP6"", ""LGALS1"", ""SUCLG1"", ""UBE2L6"", ""CRYZ"", ""S100A10"", ""YWHAH"", ""NSDHL"", ""IL4I1"", ""ACSS1"", ""METAP1"", ""IDH3G"", ""CBR3"", ""ALDH1A1"", ""CYP1A1"", ""DLD"", 
""RAP1GDS1"", ""SLC22A5"", ""GCDH"", ""ACADS"", ""HSD17B4"", ""HADH"", ""GSTZ1"")"
"HALLMARK_OXIDATIVE_PHOSPHORYLATION",0.00190839694656489,0.00431331953071084,0.620586395079915,2.36517145372094,0,198,"c(""LDHA"", ""CYCS"", ""VDAC1"", ""IDH2"", ""UQCR11"", ""ATP5J2"", ""CYB5A"", ""LDHB"", ""CYB5R3"", ""MDH2"", ""ATP5G3"", ""ATP5G1"", ""GPI"", ""PDHB"", ""GPX4"", ""TIMM13"", ""MRPL34"", ""CYC1"", ""GRPEL1"", ""ATP5D"", ""UQCRC1"", ""ATP5B"", ""ETFDH"", ""COX6A1"", ""SLC25A4"", ""TIMM17A"", ""VDAC3"", ""NDUFA4"", ""GOT2"", ""COX6C"", ""NDUFB4"", ""NDUFA6"", ""PRDX3"", ""OXA1L"", ""COX7B"", ""UQCRH"", ""COX7A2"", ""NDUFC2"", ""NDUFS6"", ""NDUFB8"", ""NDUFA1"", ""NDUFB6"", ""PDHA1"", ""NDUFAB1"", ""UQCR10"", ""UQCRC2"", ""ECH1"", ""CASP7"", ""HADHB"", ""NDUFV1"", ""FH"", ""NDUFB7"", ""ETFA"", ""COX7C"", 
""SLC25A5"", ""OAT"", ""GLUD1"", ""UQCRB"", ""TCIRG1"", ""SDHC"", ""ATP6V1F"", ""MGST3"", ""FXN"", ""ATP5E"", ""SLC25A11"", ""NDUFS7"", ""UQCRFS1"", ""NDUFC1"", ""FDX1"", ""COX11"", ""COX5A"", ""OGDH"", ""UQCRQ"", ""ATP5C1"", ""MRPS15"", ""CPT1A"", ""COX8A"", ""AFG3L2"", ""ECI1"", ""NDUFV2"", ""IMMT"", ""PMPCA"", ""ATP5H"", ""ACADSB"", ""MDH1"", ""TOMM22"", ""HADHA"", ""NDUFA2"", ""ECHS1"", ""CS"", ""ISCA1"", ""SDHB"", ""COX17"", ""NDUFA7"", ""NDUFS2"", ""NDUFS1"", ""SLC25A6"", ""ETFB"", ""SUCLG1"", ""COX6B1"", ""ATP5O"", ""SLC25A3"", ""COX4I1"", ""TIMM50"", ""IDH3G"", ""NDUFB2"", ""VDAC2"", ""ATP5J"", 
""ATP1B1"", ""PDP1"", ""NDUFS8"", ""DLD"", ""NDUFB1"", ""MRPS12"", ""ACAT1"", ""TIMM8B"", ""NQO2"", ""ATP5L"", ""ATP5G2"")"
"HALLMARK_GLYCOLYSIS",0.00190839694656489,0.00431331953071084,0.599678322496943,2.28692857890458,0,197,"c(""PGK1"", ""LDHA"", ""TXN"", ""SLC37A4"", ""PGAM1"", ""HSPA5"", ""PPIA"", ""PYGL"", ""TPI1"", ""KDELR3"", ""FAM162A"", ""COL5A1"", ""CYB5A"", ""EXT1"", ""ENO1"", ""MPI"", ""ADORA2B"", ""MIF"", ""PFKP"", ""SDC2"", ""MDH2"", ""PRPS1"", ""GALK1"", ""CITED2"", ""GPC1"", ""CHST2"", ""CHST12"", ""B3GALT6"", ""PLOD1"", ""CHPF"", ""B4GALT2"", ""SRD5A3"", ""SLC25A10"", ""TPBG"", ""GOT2"", ""SOD1"", ""IER3"", ""ALDOA"", ""QSOX1"", ""GPC4"", ""XYLT2"", ""GOT1"", ""POLR3K"", ""PGM2"", ""HAX1"", ""GPC3"", ""SDHC"", ""AK4"", ""EGFR"", ""PLOD2"", ""ARPP19"", ""ME1"", ""VCAN"", ""HOMER1"", ""NANP"", ""CXCR4"", ""CHST4"", 
""G6PD"", ""CD44"", ""SOX9"", ""CHST6"", ""B4GALT1"", ""EGLN3"", ""PYGB"", ""STMN1"", ""HK2"", ""CHST1"", ""FUT8"", ""MDH1"", ""AKR1A1"", ""CACNA1H"", ""RPE"", ""AK3"", ""ALG1"", ""HDLBP"", ""NSDHL"", ""CTH"", ""B3GNT3"", ""PC"", ""PAXIP1"", ""PDK3"", ""GMPPB"", ""IDUA"", ""DLD"", ""FKBP4"", ""GMPPA"", ""TPST1"", ""PGLS"", ""AGRN"", ""MET"", ""SLC16A3"", ""TALDO1"", ""NT5E"")"
"HALLMARK_UV_RESPONSE_UP",0.00191570881226054,0.00431331953071084,0.560739781501787,2.08114544981696,0,155,"c(""FOS"", ""NFKBIA"", ""CA2"", ""RPN1"", ""ASNS"", ""GAL"", ""TFRC"", ""RHOB"", ""NPTX2"", ""FOSB"", ""MSX1"", ""IGFBP2"", ""SIGMAR1"", ""JUNB"", ""GLS"", ""BMP2"", ""E2F5"", ""GRPEL1"", ""TST"", ""PPIF"", ""GCH1"", ""BID"", ""SLC25A4"", ""BCL2L11"", ""ATF3"", ""TMBIM6"", ""AMD1"", ""KLHDC3"", ""ALDOA"", ""AP2S1"", ""DDX21"", ""COL2A1"", ""CREG1"", ""HMOX1"", ""SPR"", ""FEN1"", ""POLR2H"", ""MGAT1"", ""BSG"", ""PPT1"", ""MRPL23"", ""CHRNA5"", ""ATP6V1F"", ""NKX2-5"", ""CXCL2"", ""ICAM1"", ""NPTXR"", ""SOD2"", ""HSPA2"", ""RASGRP1"", ""DNAJA1"", ""ARRB2"", ""HTR7"", ""NR4A1"", ""GGH"", ""HYAL2"", ""RET"", ""TAP1"", 
""EPHX1"", ""LYN"", ""DGAT1"", ""CLTB"", ""STK25"", ""PPAT"", ""H2AFX"", ""CYP1A1"", ""TUBA4A"", ""HSPA13"", ""FKBP4"", ""GPX3"", ""PDLIM3"", ""PTPRD"", ""EIF2S3"", ""PRKCD"", ""TYRO3"", ""YKT6"", ""WIZ"", ""LHX2"", ""EPCAM"", ""RFC4"")"
"HALLMARK_UV_RESPONSE_DN",0.00186567164179104,0.00431331953071084,0.477042831330401,1.75933939441389,0,141,"c(""MYC"", ""INSIG1"", ""IGFBP5"", ""GJA1"", ""CYR61"", ""ID1"", ""DUSP1"", ""BHLHE40"", ""ADORA2B"", ""SNAI2"", ""SDC2"", ""CITED2"", ""SRI"", ""TGFBR3"", ""LAMC1"", ""SLC7A1"", ""COL1A1"", ""LDLR"", ""PTGFR"", ""PRKAR2B"", ""DDAH1"", ""ATRX"", ""PAPD7"", ""FZD2"", ""RUNX1"", ""MAP1B"", ""RND3"", ""TGFBR2"", ""PMP22"", ""ATP2B1"", ""KIT"", ""FHL2"", ""SMAD7"", ""IGF1R"", ""MMP16"", ""COL3A1"", ""DLC1"", ""NEK7"", ""PRKCE"", ""MTA1"", ""CDON"", ""IRS1"", ""SCHIP1"", ""AGGF1"", ""PDLIM5"", ""LTBP1"", ""LPAR1"", ""ATRN"", ""TFPI"", ""ABCC1"", ""MET"", ""NFKB1"", ""EFEMP1"", ""FBLN5"", ""GCNT1"", ""PPARG"", ""COL11A1"", 
""RGS4"", ""KCNMA1"", ""DAB2"", ""GRK5"", ""SIPA1L1"", ""ITGB3"", ""HAS2"", ""SYNE1"", ""PRDM2"", ""SPOP"", ""ZMIZ1"", ""RASA2"")"
"HALLMARK_IL2_STAT5_SIGNALING",0.00187265917602996,0.00431331953071084,0.552702623918667,2.10877087428115,0,192,"c(""GADD45B"", ""CA2"", ""MYC"", ""PNP"", ""NDRG1"", ""TNFRSF9"", ""NCS1"", ""RHOB"", ""SPRY4"", ""UCK2"", ""SLC1A5"", ""COCH"", ""CKAP4"", ""ENPP1"", ""LRRC8C"", ""AHCY"", ""BHLHE40"", ""CCND2"", ""TNFRSF21"", ""ALCAM"", ""RGS16"", ""ETV4"", ""PTRH2"", ""TIAM1"", ""SH3BGRL2"", ""GPX4"", ""BMP2"", ""AKAP2"", ""PDCD2L"", ""CD81"", ""KLF6"", ""CD83"", ""IL18R1"", ""XBP1"", ""CSF1"", ""SLC29A2"", ""MAPKAPK2"", ""IRF8"", ""ARL4A"", ""PLAGL1"", ""SPRED2"", ""GSTO1"", ""BCL2"", ""SLC39A8"", ""PHLDA1"", ""TGM2"", ""MAFF"", ""BATF3"", ""SYNGR2"", ""RNH1"", ""MYO1E"", ""CD44"", ""BCL2L1"", ""ITGA6"", ""NOP2"", ""SERPINB6"", 
""ADAM19"", ""IGF1R"", ""TTC39B"", ""HK2"", ""DCPS"", ""PHTF2"", ""WLS"", ""SCN9A"", ""NFIL3"", ""PTGER2"", ""SOCS1"", ""AHNAK"", ""MAP3K8"", ""SYT11"", ""SNX14"", ""PUS1"", ""IL4R"", ""CXCL10"", ""CISH"", ""AMACR"", ""PTCH1"", ""NFKBIZ"", ""EOMES"", ""IL2RB"", ""GUCY1B3"", ""HUWE1"", ""NT5E"", ""IRF6"", ""HOPX"", ""IFNGR1"", ""HIPK2"")"
"HALLMARK_ALLOGRAFT_REJECTION",0.00187265917602996,0.00431331953071084,0.439026023809712,1.67505137843822,0,192,"c(""EIF5A"", ""IL27RA"", ""BCAT1"", ""RIPK2"", ""TAP2"", ""NME1"", ""HLA-A"", ""CCND2"", ""DEGS1"", ""MRPL3"", ""FLNA"", ""TGFB1"", ""IL12A"", ""INHBA"", ""PRKCB"", ""HLA-DMB"", ""RPL39"", ""CSF1"", ""ABCE1"", ""B2M"", ""TIMP1"", ""TAPBP"", ""IRF8"", ""EIF4G3"", ""F2R"", ""CDKN2A"", ""EGFR"", ""NPM1"", ""ICAM1"", ""HLA-E"", ""CSK"", ""GALNT1"", ""TPD52"", ""CD47"", ""NOS2"", ""TAP1"", ""CCL2"", ""TNF"", ""PF4"", ""LYN"", ""STAT4"", ""IL18RAP"", ""GZMB"", ""MAP4K1"", ""SOCS1"", ""EIF3J"", ""UBE2N"", ""IFNAR2"", ""IL4R"", ""STAB1"", ""HLA-DOA"", ""IL2RB"", ""GCNT1"", ""ST8SIA4"", ""IFNGR1"", ""HLA-DRA"", ""AKT1""
)"
"HALLMARK_KRAS_SIGNALING_UP",0.0018796992481203,0.00431331953071084,0.433547593517481,1.65042209319357,0,190,"c(""MAFB"", ""CA2"", ""ID2"", ""PTGS2"", ""BTBD3"", ""G0S2"", ""ANKH"", ""CCND2"", ""FLT4"", ""AKAP12"", ""RGS16"", ""AMMECR1"", ""ETV4"", ""PLAU"", ""GUCY1A3"", ""TRIB1"", ""TRIB2"", ""BMP2"", ""TNFAIP3"", ""IGF2"", ""KLF4"", ""INHBA"", ""MMD"", ""TMEM158"", ""F2RL1"", ""SPRY2"", ""PCSK1N"", ""MMP11"", ""TSPAN13"", ""IRF8"", ""TMEM100"", ""ZNF639"", ""EPHB2"", ""ALDH1A3"", ""CCL20"", ""ST6GAL1"", ""FUCA1"", ""MMP10"", ""CXCR4"", ""TSPAN7"", ""SOX9"", ""NIN"", ""ETV5"", ""ALDH1A2"", ""SERPINA3"", ""GADD45G"", ""DOCK2"", ""DUSP6"", ""GFPT2"", ""MAP4K1"", ""NGF"", ""CROT"", ""MYCN"", ""BPGM"", ""ITGA2"", ""CXCL10"", 
""GNG11"", ""HOXD11"", ""TMEM176B"", ""MAP7"", ""GPRC5B"", ""TFPI"", ""AKT2"", ""PTCD2"", ""ETV1"", ""SLPI"", ""TOR1AIP2"", ""TRAF1"", ""MMP9"", ""HBEGF"", ""FGF9"")"
"HALLMARK_APOPTOSIS",0.00383141762452107,0.00720046082949309,0.409953996238301,1.52151483103379,1,155,"c(""PMAIP1"", ""GADD45B"", ""SAT1"", ""DFFA"", ""TSPO"", ""RHOB"", ""EBP"", ""ANKH"", ""CCND2"", ""CCND1"", ""EGR3"", ""JUN"", ""GPX4"", ""TIMP3"", ""TGFBR3"", ""BMP2"", ""GCH1"", ""BID"", ""BCL2L11"", ""ATF3"", ""SOD1"", ""IER3"", ""DAP"", ""HMOX1"", ""PPT1"", ""TIMP1"", ""CASP7"", ""APP"", ""SLC20A1"", ""F2R"", ""CDC25B"", ""TIMP2"", ""LUM"", ""SOD2"", ""PDCD4"", ""GSR"", ""CD44"", ""BCL2L1"", ""DNAJA1"", ""SMAD7"", ""BCAP31"", ""LEF1"", ""TAP1"", ""TNF"", ""PLCB2"")"
"HALLMARK_REACTIVE_OXIGEN_SPECIES_PATHWAY",0.00381679389312977,0.00720046082949309,0.638486183017865,1.96071195646213,1,46,"c(""PRDX4"", ""TXN"", ""SRXN1"", ""PRDX6"", ""PFKP"", ""PRDX1"", ""JUNB"", ""PRDX2"", ""MGST1"", ""GPX4"", ""SOD1"", ""NDUFB4"", ""NDUFA6"", ""HHEX"", ""SOD2"", ""GSR"", ""G6PD"", ""ATOX1"", ""MBP"", ""NDUFS2"", ""STK25"", ""HMOX2"", ""GPX3"", ""ABCC1"", ""TXNRD1"", ""MPO"")"
"HALLMARK_ANGIOGENESIS",0.00403225806451613,0.00720046082949309,0.684561864297599,1.99799459396485,1,36,"c(""KCNJ8"", ""MSX1"", ""CCND2"", ""TNFRSF21"", ""LRPAP1"", ""TIMP1"", ""APP"", ""VCAN"", ""LUM"", ""COL3A1"", ""PF4"", ""POSTN"", ""THBD"", ""LPL"", ""PDGFA"", ""OLR1"", ""SERPINA5"", ""SLCO2A1"", ""JAG1"", ""STC1"", ""JAG2"", ""S100A4"", ""VAV2"", ""FGFR1"")"
"HALLMARK_COAGULATION",0.00378071833648393,0.00720046082949309,0.417966258882113,1.52409900650914,1,134,"c(""FN1"", ""CD9"", ""LGMN"", ""MMP15"", ""PLAU"", ""P2RY1"", ""TIMP3"", ""CTSB"", ""F12"", ""S100A13"", ""MMP11"", ""LTA4H"", ""TIMP1"", ""APOC1"", ""PROS1"", ""SPARC"", ""PRSS23"", ""CSRP1"", ""TFPI2"", ""MMP10"", ""MAFF"", ""ADAM9"", ""CFD"", ""ARF4"", ""DPP4"", ""PF4"", ""THBD"", ""PREP"", ""DUSP6"", ""PEF1"", ""SERPING1"", ""CTSH"", ""ITGA2"", ""RABIF"", ""GSN"", ""GNG12"", ""OLR1"", ""MMP2"", ""C1R"")"
"HALLMARK_PANCREAS_BETA_CELLS",0.004,0.00720046082949309,0.62201706101785,1.8219243234948,1,37,"c(""MAFB"", ""SRPRB"", ""VDR"", ""SYT13"", ""PCSK2"", ""NKX6-1"", ""DPP4"", ""SPCS1"", ""STXBP1"", ""ISL1"", ""GCK"", ""NKX2-2"", ""INSM1"", ""LMO2"", ""SRP9"")"
"HALLMARK_P53_PATHWAY",0.00418410041841004,0.007213966238638,-0.37479082003619,-1.43644637727079,1,195,"c(""PHLDA3"", ""BTG2"", ""DDB2"", ""FDXR"", ""AEN"", ""TCN2"", ""LIF"", ""TRAFD1"", ""IP6K2"", ""BAX"", ""PPM1D"", ""RPS27L"", ""PLXNB2"", ""MDM2"", ""SESN1"", ""RB1"", ""CDKN1A"", ""FAS"", ""XPC"", ""PRKAB1"", ""RAD51C"", ""ABAT"", ""ANKRA2"", ""ERCC5"", ""CDKN2AIP"", ""NOL8"", ""NOTCH1"", ""TRIAP1"", ""PMM1"", ""SLC35D1"", ""TSPYL2"", ""CCNK"", ""PLK2"", ""HRAS"", ""PLK3"", ""KIF13B"", ""POLH"", ""ZMAT3"", ""ISCU"", ""RRP8"", ""NHLH2"", ""FBXW7"", ""RCHY1"", ""EPS8L2"", ""POM121"", ""DDIT3"", ""GLS2"", ""RNF19B"", ""PPP1R15A"")"
"HALLMARK_INTERFERON_GAMMA_RESPONSE",0.0056390977443609,0.0093984962406015,0.385132354792856,1.46919688027659,2,193,"c(""NFKBIA"", ""PNP"", ""LY6E"", ""PTGS2"", ""RIPK2"", ""LGALS3BP"", ""MTHFD2"", ""HLA-A"", ""NAMPT"", ""PFKP"", ""HLA-DRB1"", ""SRI"", ""TNFAIP3"", ""IL15RA"", ""HLA-B"", ""GCH1"", ""IFI30"", ""ISOC1"", ""LYSMD2"", ""B2M"", ""CASP7"", ""TAPBP"", ""IRF8"", ""ARL4A"", ""ICAM1"", ""PSME1"", ""SOD2"", ""PSME2"", ""IFIH1"", ""ST3GAL5"", ""METTL7B"", ""PSMB9"", ""PSMA2"", ""TAP1"", ""CCL2"", ""TRIM21"", ""UBE2L6"", ""TOR1B"", ""STAT4"", ""LAP3"", ""MT2A"", ""SERPING1"", ""CIITA"", ""SOCS1"", ""PARP12"", ""PTPN2"", ""IFITM2"", ""IFNAR2"", ""PLA2G4A"", ""BPGM"", ""IL4R"", ""CXCL10"", ""PSMA3"", ""OASL"", ""NMI"", 
""EPSTI1"", ""IFI44L"", ""C1R"", ""IL2RB"", ""NFKB1"", ""ST8SIA4"", ""APOL6"", ""NLRC5"", ""GBP6"", ""SAMHD1"", ""RIPK1"")"
"HALLMARK_E2F_TARGETS",0.00763358778625954,0.0123122383649347,0.380246703814545,1.44919169411993,3,198,"c(""RRM2"", ""PRDX4"", ""MYC"", ""RAN"", ""HMGB3"", ""TFRC"", ""TUBB"", ""TUBG1"", ""NME1"", ""NOLC1"", ""IPO7"", ""MTHFD2"", ""H2AFZ"", ""RANBP1"", ""PRPS1"", ""CTCF"", ""RNASEH2A"", ""POP7"", ""DCTPP1"", ""UBE2S"", ""HMGA1"", ""PA2G4"", ""SNRPB"", ""TCF19"", ""TIMELESS"", ""POLE4"", ""POLD2"", ""ILF3"", ""NUP205"", ""CDC25B"", ""CDKN2A"", ""RBBP7"", ""RFC3"", ""DSCC1"", ""PAICS"", ""CKS2"", ""ANP32E"", ""AK2"", ""PTTG1"", ""NBN"", ""DUT"", ""TIPIN"", ""SYNCRIP"", ""STMN1"", ""LYAR"", ""NUDT21"", ""PRKDC"", ""MKI67"", ""MCM4"", ""RAD21"", ""SSRP1"", ""TRIP13"", ""NAP1L1"", ""SPC24"", ""LMNB1"", ""H2AFX"", 
""KIF18B"", ""HUS1"", ""POLE"", ""TMPO"", ""MAD2L1"", ""NOP56"", ""UNG"", ""NCAPD2"", ""CENPM"", ""DEK"")"
"HALLMARK_PROTEIN_SECRETION",0.00829875518672199,0.0129668049792531,-0.404309861593592,-1.43612885036038,3,96,"c(""STX16"", ""IGF2R"", ""ATP6V1H"", ""NAPA"", ""AP1G1"", ""DOPEY1"", ""ABCA1"", ""CLTC"", ""VPS45"", ""VAMP7"", ""ATP7A"", ""VPS4B"", ""RAB5A"", ""MON2"", ""ARFGEF2"", ""GBF1"", ""ZW10"", ""STX7"", ""SSPN"", ""AP3B1"", ""CLCN3"", ""CLTA"", ""ARFIP1"", ""ARFGEF1"", ""SCRN1"", ""STAM"", ""RER1"", ""RAB14"", ""SEC31A"", ""RAB2A"", ""RPS6KA3"", ""NAPG"", ""STX12"", ""KIF1B"", ""TSG101"")"
"HALLMARK_TGF_BETA_SIGNALING",0.0114503816793893,0.0173490631505899,0.463075418920135,1.46049079974957,5,54,"c(""ID2"", ""ID3"", ""ID1"", ""RAB31"", ""JUNB"", ""TGFB1"", ""BMP2"", ""SMAD6"", ""SLC20A1"", ""NOG"", ""RHOA"", ""CDH1"", ""FKBP1A"", ""SMAD7"", ""SMAD1"", ""PMEPA1"", ""XIAP"", ""NCOR2"", ""SPTBN1"")"
"HALLMARK_APICAL_SURFACE",0.0271844660194175,0.0399771559109081,0.484505476301007,1.46531313887951,13,42,"c(""GAS1"", ""GSTM3"", ""APP"", ""RTN4RL1"", ""B4GALT1"", ""SLC2A4"", ""LYN"", ""EPHB4"", ""EFNA5"", ""LYPD3"", ""TMEM8B"", ""RHCG"", ""AFAP1L2"", ""ATP8B1"", ""AIM1"", ""IL2RB"", ""SRPX"", ""GHRL"")"
"HALLMARK_APICAL_JUNCTION",0.0300751879699248,0.0429645542427497,0.34591780687592,1.31960183653635,15,193,"c(""INSIG1"", ""TUBG1"", ""ACTB"", ""ACTG1"", ""MPP5"", ""ATP1A3"", ""NLGN2"", ""ADAM15"", ""PFN1"", ""RSU1"", ""VCL"", ""LIMA1"", ""LAMB3"", ""DSC3"", ""CD99"", ""CDH1"", ""EGFR"", ""FSCN1"", ""ACTN1"", ""JAM3"", ""VCAN"", ""ICAM1"", ""NRTN"", ""NRXN2"", ""CLDN14"", ""RHOF"", ""ADAM9"", ""B4GALT1"", ""CD276"", ""CNTN1"", ""CALB2"", ""ARHGEF6"", ""ADAM23"", ""PPP2R2C"", ""AMH"", ""CDH4"", ""NF2"", ""ADAMTS5"", ""RAC2"", ""SYK"", ""LDLRAP1"", ""YWHAH"", ""IRS1"", ""PIK3CB"", ""PLCG1"", ""ITGA9"", ""SLIT2"", ""ICAM4"", ""TMEM8B"", ""ITGA2"", ""GAMT"", ""CNN2"", ""CLDN6"", ""MYH10"", ""MPZL1"", ""MMP2"", ""TSPAN4"", 
""AKT2"", ""LAYN"", ""HADH"", ""CDH11"", ""MSN"", ""TRAF1"", ""MMP9"", ""MAP4K2"", ""TNFRSF11B"", ""LAMC2"", ""NEGR1"", ""AMIGO2"", ""MVD"", ""PCDH1"")"
"HALLMARK_NOTCH_SIGNALING",0.0570264765784114,0.0770628061870424,0.48036339927444,1.38631066790654,27,32,"c(""HES1"", ""CCND1"", ""FZD1"", ""FZD7"", ""RBX1"", ""WNT5A"", ""FZD5"", ""SKP1"", ""DLL1"", ""WNT2"", ""KAT2A"", ""LFNG"", ""JAG1"", ""HEYL"", ""NOTCH2"")"
"HALLMARK_PEROXISOME",0.0569259962049336,0.0770628061870424,0.369629213522706,1.30528759077018,29,103,"c(""TSPO"", ""DHCR24"", ""IDH2"", ""FADS1"", ""PRDX1"", ""PRDX5"", ""SLC27A2"", ""SLC25A4"", ""SOD1"", ""ISOC1"", ""STS"", ""ECI2"", ""ECH1"", ""ITGB1BP1"", ""IDI1"", ""ELOVL5"", ""CRABP2"", ""CADM1"", ""ACSL4"", ""SOD2"", ""SLC25A17"", ""GSTK1"", ""HSD17B11"", ""RDH11"", ""SLC35B2"", ""SULT2B1"", ""SLC25A19"", ""HSD11B2"", ""YWHAH"", ""GNPAT"", ""SCP2"", ""SERPINA6"", ""ALDH1A1"", ""NUDT19"", ""CNBP"", ""ABCC5"", ""RXRG"")"
"HALLMARK_INTERFERON_ALPHA_RESPONSE",0.0659133709981168,0.0867281197343642,0.374687532719751,1.3012758963488,34,91,"c(""HLA-C"", ""LY6E"", ""RIPK2"", ""PROCR"", ""LGALS3BP"", ""IFI30"", ""CSF1"", ""B2M"", ""IFITM1"", ""TRIM5"", ""PSME1"", ""PSME2"", ""ELF1"", ""IFIH1"", ""PSMB9"", ""CD47"", ""SAMD9"", ""TAP1"", ""TRIM21"", ""UBE2L6"", ""LAP3"", ""NCOA7"", ""PARP12"", ""IFITM2"", ""IL4R"", ""CXCL10"", ""PSMA3"", ""OASL"", ""NMI"", ""EPSTI1"", ""IFI44L"", ""FAM46A"")"
"HALLMARK_WNT_BETA_CATENIN_SIGNALING",0.0757281553398058,0.0957446808510638,0.436336987705415,1.31963486965137,38,42,"c(""MYC"", ""FZD8"", ""CCND2"", ""HEY1"", ""CSNK1E"", ""FZD1"", ""DKK1"", ""HEY2"", ""SKP2"", ""LEF1"", ""DLL1"", ""WNT6"", ""NCOR2"", ""RBPJ"", ""KAT2A"", ""PTCH1"", ""AXIN1"", ""MAML1"", ""JAG1"", ""TP53"", ""JAG2"")"
"HALLMARK_HEME_METABOLISM",0.0765957446808511,0.0957446808510638,-0.320227703755422,-1.22135754031358,35,193,"c(""FTCD"", ""BTG2"", ""CROCCP2"", ""RIOK3"", ""RANBP10"", ""CCDC28A"", ""YPEL5"", ""RBM5"", ""H1F0"", ""USP15"", ""OSBP2"", ""SLC30A1"", ""SYNJ1"", ""PICALM"", ""ALDH6A1"", ""EPOR"", ""VEZF1"", ""NCOA4"", ""BTRC"", ""ALAD"", ""ADD1"", ""DCAF10"", ""TRAK2"", ""DAAM1"", ""CIR1"", ""SLC25A38"", ""FOXJ2"", ""CLCN3"", ""MARK3"", ""HTRA2"", ""CDC27"", ""FBXO7"", ""PIGQ"", ""ATP6V0A1"", ""SIDT2"", ""MOSPD1"", ""OPTN"", ""PPP2R5B"", ""SEC14L1"", ""MKRN1"", ""GAPVD1"", ""TNRC6B"", ""FN3K"", ""MXI1"")"
"HALLMARK_SPERMATOGENESIS",0.0849256900212314,0.103567914660038,-0.34251608420064,-1.24581159420872,39,126,"c(""EZH2"", ""PGS1"", ""CSNK2A2"", ""IFT88"", ""BRAF"", ""PCSK4"", ""LDHC"", ""SNAP91"", ""AGFG1"", ""IP6K1"", ""NEK2"", ""ACRV1"", ""ZC3H14"", ""PHKG2"", ""SCG3"", ""DMC1"", ""TKTL1"", ""BUB1"", ""STAM2"", ""TTK"", ""CHFR"", ""CDKN3"", ""ACRBP"", ""NPHP1"", ""TOPBP1"", ""MTOR"", ""CCT6B"", ""MLLT10"", ""TUBA3C"", ""TEKT2"", ""YBX2"")"
"HALLMARK_MITOTIC_SPINDLE",0.10337552742616,0.123066104078762,-0.309607844056553,-1.18269246769912,48,199,"c(""KNTC1"", ""KATNA1"", ""ALS2"", ""CYTH2"", ""RACGAP1"", ""PCM1"", ""TSC1"", ""CNTROB"", ""NEK2"", ""RABGAP1"", ""PRC1"", ""RANBP9"", ""ITSN1"", ""ABI1"", ""ARL8A"", ""RAPGEF6"", ""ARHGEF2"", ""EPB41L2"", ""CEP72"", ""STAU1"", ""MARK4"", ""WASF2"", ""SMC4"", ""PXN"", ""CLASP1"", ""NDC80"", ""CKAP5"", ""RFC1"", ""CEP57"", ""KIFAP3"", ""BUB1"", ""KIF11"", ""ARHGEF3"", ""HOOK3"", ""CDC27"", ""DLGAP5"", ""TTK"", ""ARFGEF1"", ""CTTN"", ""NUSAP1"", ""PCNT"", ""NET1"", ""KIF3B"", ""FBXO5"", ""ARHGAP10"", ""TOP2A"", ""CEP192"", ""CSNK1D"", ""TAOK2"", ""DYNLL2"", ""PKD2"", ""RICTOR"", ""CNTRL"", ""CLIP2"", ""PAFAH1B1"", 
""SUN2"", ""PALLD"", ""RAB3GAP1"", ""ARHGAP27"", ""KIF1B"", ""ANLN"", ""ARHGAP4"", ""ABR"", ""CDK5RAP2"")"
"HALLMARK_HEDGEHOG_SIGNALING",0.113821138211382,0.132350160710909,0.445790904882933,1.28942033921718,55,35,"c(""TLE1"", ""HEY1"", ""ETS2"", ""CDK6"", ""HEY2"", ""TLE3"", ""AMOT"", ""NKX6-1"", ""UNC5C"", ""OPHN1"", ""PTCH1"")"
"HALLMARK_IL6_JAK_STAT3_SIGNALING",0.12476370510397,0.141776937618147,0.354461029661016,1.22655898489601,65,87,"c(""TNFRSF21"", ""CD9"", ""JUN"", ""TGFB1"", ""IL15RA"", ""IL18R1"", ""HMOX1"", ""CSF1"", ""HAX1"", ""CXCL1"", ""CD44"", ""TNF"", ""PF4"", ""ITGA4"", ""IL1R1"", ""SOCS1"", ""PTPN2"", ""MAP3K8"", ""IL4R"", ""CXCL10"", ""IFNGR1"", ""CXCL3"", ""IL17RB"", ""PIK3R5"", ""ITGB3"", ""TYK2"", ""GRB2"")"
"HALLMARK_DNA_REPAIR",0.177730192719486,0.193184992086398,-0.309431898509132,-1.14426419070034,82,143,"c(""DDB2"", ""ELL"", ""GTF2H1"", ""NFX1"", ""RAD52"", ""BRF2"", ""ERCC4"", ""RAE1"", ""RRM2B"", ""CSTF3"", ""XPC"", ""POLR3C"", ""REV3L"", ""ERCC5"", ""ZNF707"", ""POLR2A"", ""SUPT5H"", ""POLH"", ""RAD51"", ""NUDT9"", ""POM121"", ""VPS37D"", ""DDB1"", ""LIG1"", ""TARBP2"", ""NPR2"", ""SNAPC4"", ""ERCC3"", ""DCTN4"", ""UPF3B"", ""SNAPC5"", ""SRSF6"", ""GTF2B"", ""VPS37B"", ""GMPR2"", ""SURF1"", ""POLA1"", ""ITPA"", ""RALA"", ""RNMT"", ""TSG101"", ""GTF3C5"", ""GTF2F1"", ""ARL6IP1"", ""POLD4"")"
"HALLMARK_MYOGENESIS",0.173996175908222,0.193184992086398,0.293117731846146,1.11525602543957,90,196,"c(""GADD45B"", ""SCD"", ""CKB"", ""SORBS1"", ""BHLHE40"", ""CNN3"", ""TGFB1"", ""TEAD4"", ""COL4A2"", ""COL1A1"", ""TPD52L1"", ""GAA"", ""ABLIM1"", ""OCEL1"", ""APP"", ""FKBP1B"", ""SPARC"", ""FHL1"", ""SYNGR2"", ""CFD"", ""MAPK12"", ""BIN1"", ""LAMA2"", ""COL3A1"", ""BDKRB2"", ""IGFBP7"", ""ITGB5"", ""CACNA1H"", ""VIPR1"", ""ADAM12"", ""COL6A2"", ""REEP1"", ""PFKM"", ""PC"", ""SCHIP1"", ""COL15A1"", ""TNNT1"", ""GSN"", ""PKIA"", ""DMD"", ""PTP4A3"", ""GPX3"", ""MYL6B"", ""PDLIM7"", ""AGRN"")"
"HALLMARK_G2M_CHECKPOINT",0.248091603053435,0.263927237290888,0.284870186391468,1.08637872355281,129,197,"c(""MYC"", ""HMGB3"", ""UCK2"", ""MARCKS"", ""NOLC1"", ""SQLE"", ""CCND1"", ""NCL"", ""SLC38A1"", ""H2AFZ"", ""G3BP1"", ""CTCF"", ""SLC7A5"", ""TFDP1"", ""TGFB1"", ""UBE2S"", ""HMGA1"", ""H2AFV"", ""DTYMK"", ""SLC7A1"", ""AMD1"", ""ATRX"", ""PAPD7"", ""PURA"", ""ILF3"", ""CDC25B"", ""TLE3"", ""DKC1"", ""CKS2"", ""TROAP"", ""HIST1H2BK"", ""PTTG1"", ""CUL4A"", ""SLC12A2"", ""TOP1"", ""SYNCRIP"", ""STMN1"", ""MKI67"", ""LIG3"", ""GINS2"", ""HSPA8"", ""CENPF"", ""RAD21"", ""MT2A"", ""EFNA5"", ""UBE2C"", ""SNRPD1"", ""LMNB1"", ""H2AFX"", ""DBF4"", ""HUS1"", ""DMD"", ""POLE"", ""TMPO"", ""MAD2L1"")"
"HALLMARK_BILE_ACID_METABOLISM",0.368821292775665,0.384188846641318,0.289916593288036,1.03445984917643,193,109,"c(""DHCR24"", ""ABCA3"", ""IDH2"", ""SLC29A1"", ""FADS1"", ""PRDX5"", ""BMP6"", ""SLC27A2"", ""SOD1"", ""ISOC1"", ""IDI1"", ""NUDT12"", ""FADS2"", ""GSTK1"", ""ABCA2"", ""HSD17B11"", ""SLC35B2"", ""SULT2B1"", ""SLC27A5"", ""GNPAT"", ""PFKM"", ""PEX7"", ""SCP2"", ""SERPINA6"", ""CROT"", ""ALDH1A1"", ""ABCA4"", ""AMACR"", ""RXRG"")"
"HALLMARK_PI3K_AKT_MTOR_SIGNALING",0.588235294117647,0.600240096038415,0.268102872401495,0.946763241628941,309,103,"c(""CFL1"", ""HSP90B1"", ""TIAM1"", ""CALR"", ""PRKCB"", ""PFN1"", ""PRKAG1"", ""PLA2G12A"", ""EGFR"", ""ARF1"", ""CXCR4"", ""MAP2K3"", ""PRKAR2A"", ""VAV3"", ""PAK4"", ""NGF"", ""PLCG1"", ""AP2M1"", ""UBE2N"", ""ARHGDIA"", ""PPP2R1B"", ""ITPR2"", ""PPP1CA"", ""AKT1"", ""RIPK1"", ""ECSIT"", ""RALB"", ""ACACA"", ""GRB2"", ""ATF1"", ""EIF4E"", ""AKT1S1"", ""RAC1"")"
"HALLMARK_KRAS_SIGNALING_DN",0.624737945492662,0.624737945492662,-0.247482562491817,-0.937299064203728,297,180,"c(""BTG2"", ""COPZ2"", ""SKIL"", ""GPR19"", ""ASB7"", ""GPRC5C"", ""FGF22"", ""CPEB3"", ""EDN2"", ""PAX3"", ""MSH5"", ""FGGY"", ""CYP39A1"", ""SPHK2"", ""BARD1"", ""CDKAL1"", ""C5"", ""MTHFR"", ""RIBC2"")"
