Term,es,nes,pval,fdr,geneset_size,matched_size,genes,ledge_genes
HALLMARK_NOTCH_SIGNALING,0.626979557357361,2.0335493474195494,0.0,0.0,32,27,FZD5;NOTCH3;DLL1;NOTCH2;HES1;PPARD;FZD7;KAT2A;WNT5A;FZD1;ST3GAL6;FBXW11;PRKCA;ARRB1;NOTCH1;SKP1;CCND1;APH1A;HEYL;DTX2;TCF7L2;RBX1;PSENEN;CUL1;SAP30;PSEN2;JAG1,FZD5;NOTCH3;DLL1;NOTCH2;HES1;PPARD;FZD7;KAT2A;WNT5A;FZD1;ST3GAL6;FBXW11;PRKCA
HALLMARK_MYC_TARGETS_V1,-0.3621160595519452,-1.9832461068959955,0.0,0.0010912698412698413,200,197,TFDP1;UBE2L3;PABPC4;TUFM;HDGF;TXNL4A;PPM1G;GOT2;LSM7;G3BP1;PRDX4;PSMB3;STARD7;MRPL23;EIF3B;FAM120A;DHX15;SRSF1;SLC25A3;CNBP;NDUFAB1;SRSF2;RPS10;VDAC1;NOP16;NCBP2;RPS2;SNRPA1;NOLC1;GNL3;U2AF1;SNRPG;CYC1;MYC;SNRPA;PPIA;GSPT1;RPS5;H2AFZ;SNRPD2;TRIM28;XPO1;EIF4E;PRDX3;NHP2;CBX3;HNRNPA2B1;TARDBP;PSMA7;GLO1;PCBP1;SERBP1;NCBP1;DUT;VDAC3;EIF4G2;ORC2;RANBP1;PSMA2;SRPK1;XPOT;PGK1;PHB;FBL;NAP1L1;CDC45;RPLP0;SF3B3;HNRNPR;PSMD1;SNRPD1;HSPE1;HNRNPC;DDX21;LDHA;DEK;RPL34;YWHAQ;SYNCRIP;PTGES3;AP3S1;SSB;MCM4;SRSF7;IMPDH2;CCT3;KPNB1;RPL18;MCM6;CCT7;CUL1;RPL22;RPS3;PRPS2;LSM2;RAD23B;COX5A;NME1;VBP1;PSMB2;TRA2B;RPL14;HSP90AB1;PSMA4;CLNS1A;CCT5;HPRT1;RAN;SRSF3;EXOSC7;ETF1;C1QBP;RPS6;EIF2S2;CAD;NOP56;MCM5;PSMD3;MAD2L1;PSMA1;SNRPD3;RPL6;RFC4;MCM2;YWHAE;PRPF31;USP1;EIF1AX;PCNA;SET;CCT4;CCNA2;TCP1;COPS5;PA2G4;CDK4;PHB2;EIF3J;HNRNPU;SF3A1;ERH;RUVBL2;ACP1;MCM7;CDC20;PSMC6;HDAC2;DDX18;EIF2S1;HNRNPA1;KPNA2;PABPC1;EIF4A1;RNPS1;TYMS;BUB3;ABCE1;PSMC4;PSMA6;UBA2;APEX1;SRM;MRPS18B;KARS;POLD2;HNRNPD;SSBP1;SMARCC1;RSL1D1;IARS;HNRNPA3;RRM1;PSMD7;CCT2;CDK2;EIF3D;CANX;ILF2;HDDC2;EPRS;EEF1B2;CSTF2;SNRPB2;EIF4H;PWP1;IFRD1;PSMD8;POLE3;RRP9;PSMD14;XRCC6;AIMP2;NPM1;HSPD1;MRPL9;UBE2E1;ODC1,YWHAE;PRPF31;USP1;EIF1AX;PCNA;SET;CCT4;CCNA2;TCP1;COPS5;PA2G4;CDK4;PHB2;EIF3J;HNRNPU;SF3A1;ERH;RUVBL2;ACP1;MCM7;CDC20;PSMC6;HDAC2;DDX18;EIF2S1;HNRNPA1;KPNA2;PABPC1;EIF4A1;RNPS1;TYMS;BUB3;ABCE1;PSMC4;PSMA6;UBA2;APEX1;SRM;MRPS18B;KARS;POLD2;HNRNPD;SSBP1;SMARCC1;RSL1D1;IARS;HNRNPA3;RRM1;PSMD7;CCT2;CDK2;EIF3D;CANX;ILF2;HDDC2;EPRS;EEF1B2;CSTF2;SNRPB2;EIF4H;PWP1;IFRD1;PSMD8;POLE3;RRP9;PSMD14;XRCC6;AIMP2;NPM1;HSPD1;MRPL9;UBE2E1;ODC1
HALLMARK_UNFOLDED_PROTEIN_RESPONSE,-0.3967144415105954,-2.013318620424296,0.0,0.0021825396825396826,113,107,IMP3;EIF4G1;TATDN2;CNOT6;KDELR3;ARFGAP1;LSM4;NFYA;EXOSC2;FKBP14;NOLC1;SPCS3;EEF2;EDC4;BANF1;DCP1A;EXOSC4;H2AFX;GEMIN4;EIF4E;CALR;DCTN1;ZBTB17;DCP2;NHP2;TTC37;CXXC1;EIF4A2;XPOT;KIF5B;PDIA6;LSM1;ATP6V0D1;ASNS;YIF1A;IFIT1;SLC7A5;POP4;KHSRP;SRPRB;TSPYL2;PAIP1;SLC30A5;EIF4A3;PDIA5;YWHAZ;ALDH18A1;SERP1;EDEM1;EIF2AK3;DNAJC3;SSR1;GOSR2;PSAT1;PREB;DDX10;SEC11A;SPCS1;NOP56;CNOT4;HSP90B1;EIF4EBP1;NFYB;DKC1;MTHFD2;HYOU1;CEBPB;CNOT2;CHAC1;DDIT4;TUBB2A;HSPA5;FUS;BAG3;WFS1;EXOSC9;SDAD1;EIF2S1;EIF4A1;CKS1B;HERPUD1;EXOC2;EXOSC10;SEC31A;WIPI1;VEGFA;IARS;CEBPG;RPS14;SKIV2L2;SLC1A4;TARS;ATF4;ATF6;ERN1;ATF3;SHC1;EXOSC5;PARN;DNAJB9;STC2;NOP14;RRP9;XBP1;EXOSC1;NPM1;HSPA9,SPCS1;NOP56;CNOT4;HSP90B1;EIF4EBP1;NFYB;DKC1;MTHFD2;HYOU1;CEBPB;CNOT2;CHAC1;DDIT4;TUBB2A;HSPA5;FUS;BAG3;WFS1;EXOSC9;SDAD1;EIF2S1;EIF4A1;CKS1B;HERPUD1;EXOC2;EXOSC10;SEC31A;WIPI1;VEGFA;IARS;CEBPG;RPS14;SKIV2L2;SLC1A4;TARS;ATF4;ATF6;ERN1;ATF3;SHC1;EXOSC5;PARN;DNAJB9;STC2;NOP14;RRP9;XBP1;EXOSC1;NPM1;HSPA9
HALLMARK_EPITHELIAL_MESENCHYMAL_TRANSITION,0.4110688116389957,1.8138352132459197,0.0,0.005373246492985971,200,141,FN1;TGFBR3;TGFB1;COL1A1;COL12A1;COL5A1;FBN2;LAMC1;NID2;PLOD1;EDIL3;VCAN;LRP1;NOTCH2;TGM2;LAMA1;MMP14;FLNA;CADM1;SAT1;EMP3;IGFBP4;FUCA1;GAS1;CRLF1;PMEPA1;FBLN2;CDH2;JUN;CD44;SLC6A8;SFRP1;FZD8;PLAUR;IGFBP2;WNT5A;SLIT2;CYR61;PLOD3;ITGAV;MSX1;FSTL3;BASP1;CALU;FBLN1;ABI3BP;TPM2;MATN3;GJA1;PLOD2;SDC1;COMP;GPC1;ITGA5;DKK1;ID2;COL4A2;BMP1;GADD45B;QSOX1;ITGB5;FOXC2;MMP2;ITGB1;ENO2;APLP1;LOXL2;RGS4;LGALS1;LOXL1;TNFAIP3;DST;PMP22;COL4A1;PRRX1;ITGA2;CD59;COL6A2;RHOB;LUM;TNFRSF12A;CTGF;EFEMP2;SPARC;TPM1;DAB2;COL7A1;LAMA3;SPOCK1;TPM4;SDC4;TFPI2;DPYSL3;SGCB;PCOLCE;SERPINE2;PDLIM4;PTX3;GEM;WIPF1;TAGLN;CXCL12;IL32;SLIT3;LOX;FGF2;IL15;PTHLH;SNAI2;MYLK;MATN2;TNC;FBN1;VEGFC;FBLN5;PVR;PPIB;TIMP3;ELN;CALD1;VIM;TIMP1;MAGEE1;FSTL1;MCM7;PFN2;SERPINH1;VEGFA;PCOLCE2;ACTA2;GADD45A;COL16A1;CAP2;HTRA1;AREG;SNTB1;COL6A3;FERMT2;FAS;COPA;CAPG,FN1;TGFBR3;TGFB1;COL1A1;COL12A1;COL5A1;FBN2;LAMC1;NID2;PLOD1;EDIL3;VCAN;LRP1;NOTCH2;TGM2;LAMA1;MMP14;FLNA;CADM1;SAT1;EMP3;IGFBP4;FUCA1;GAS1;CRLF1;PMEPA1;FBLN2;CDH2;JUN;CD44;SLC6A8;SFRP1;FZD8;PLAUR;IGFBP2;WNT5A;SLIT2;CYR61;PLOD3;ITGAV;MSX1;FSTL3;BASP1;CALU;FBLN1;ABI3BP;TPM2;MATN3;GJA1;PLOD2;SDC1;COMP;GPC1;ITGA5;DKK1;ID2;COL4A2;BMP1;GADD45B;QSOX1
HALLMARK_MYC_TARGETS_V2,-0.38920848456893764,-1.740334346824102,0.004081632653061225,0.005820105820105821,58,58,NOP2;SLC29A2;DCTPP1;PPRC1;TBRG4;BYSL;NOP16;PUS1;NOLC1;GNL3;PPAN;MYC;DUSP2;TMEM97;SORD;SLC19A1;CBX3;RRP12;NDUFAF4;PHB;HSPE1;UNG;GRWD1;PLK1;MCM4;FARSA;PLK4;NIP7;IMP4;MAP3K6;NOP56;MYBBP1A;MCM5;WDR74;TCOF1;RCL1;PRMT3;PA2G4;MRTO4;CDK4;MPHOSPH10;DDX18;TFB2M;IPO4;SRM;WDR43;UTP20;SUPV3L1;NOC4L;EXOSC5;HK2;RRP9;AIMP2;NPM1;RABEPK;HSPD1;LAS1L;PES1,RCL1;PRMT3;PA2G4;MRTO4;CDK4;MPHOSPH10;DDX18;TFB2M;IPO4;SRM;WDR43;UTP20;SUPV3L1;NOC4L;EXOSC5;HK2;RRP9;AIMP2;NPM1;RABEPK;HSPD1;LAS1L;PES1
HALLMARK_DNA_REPAIR,-0.31998682669619616,-1.668549184565532,0.005319148936170213,0.006820436507936507,150,138,GPX4;DGCR8;POLR2H;CDA;AK1;POLE4;NME4;SMAD5;BCAM;ADCY6;NME3;POLD1;APRT;AK3;COX17;NCBP2;BCAP31;GUK1;CLP1;POLR2E;BOLA2;SNAPC4;POLR2C;ERCC2;CANT1;MPG;POLR2D;POLD4;TAF10;TAF6;SDCBP;NUDT9;POLR2F;DDB1;SAC3D1;TCEB3;ERCC8;DGUOK;POLR2A;POLR2J;TAF13;NUDT21;VPS37B;DUT;POLH;SUPT5H;DAD1;REV3L;TAF12;TAF1C;ADA;TARBP2;POM121;PNP;ZWINT;SUPT4H1;STX3;ZNF707;FEN1;GTF2B;RFC3;NT5C;POLR2K;ARL6IP1;IMPDH2;RBX1;RAD52;ERCC3;ELL;POLR1C;NME1;GTF2H1;ZNRD1;GTF2A2;HPRT1;TMED2;GTF2H3;ERCC5;RAE1;SURF1;TSG101;POLR1D;POLA1;RPA2;DDB2;GTF2F1;POLL;USP11;GTF2H5;POLB;RFC4;ADRM1;DFNA5;GTF3C5;ERCC4;ITPA;GMPR2;CCNO;PCNA;SEC61A1;CSTF3;RRM2B;SRSF6;VPS28;RALA;UPF3B;BRF2;VPS37D;CETN2;TYMS;UMPS;SNAPC5;RNMT;POLR2I;POLR3GL;POLR2G;NFX1;PRIM1;XPC;POLD3;SSRP1;EDF1;TAF9;RAD51;EIF1B;RFC5;RFC2;TK2;POLA2;TP53;LIG1;POLR3C;AAAS;SF3A3;MRPL40;RPA3;ERCC1;DCTN4,TMED2;GTF2H3;ERCC5;RAE1;SURF1;TSG101;POLR1D;POLA1;RPA2;DDB2;GTF2F1;POLL;USP11;GTF2H5;POLB;RFC4;ADRM1;DFNA5;GTF3C5;ERCC4;ITPA;GMPR2;CCNO;PCNA;SEC61A1;CSTF3;RRM2B;SRSF6;VPS28;RALA;UPF3B;BRF2;VPS37D;CETN2;TYMS;UMPS;SNAPC5;RNMT;POLR2I;POLR3GL;POLR2G;NFX1;PRIM1;XPC;POLD3;SSRP1;EDF1;TAF9;RAD51;EIF1B;RFC5;RFC2;TK2;POLA2;TP53;LIG1;POLR3C;AAAS;SF3A3;MRPL40;RPA3;ERCC1;DCTN4
HALLMARK_UV_RESPONSE_UP,0.3961124835491431,1.708808629927836,0.0,0.013677354709418835,158,142,NPTXR;COL2A1;TAP1;BCL2L11;SLC25A4;JUNB;CDKN1C;CXCL2;DGAT1;POLR2H;DLG4;HYAL2;KLHDC3;MMP14;SPR;RET;PRKCD;TFRC;CCND3;EPHX1;AMD1;SLC6A8;GCH1;FOSB;EPCAM;IGFBP2;MARK2;TYRO3;STK25;MGAT1;KCNH2;TUBA4A;MSX1;FURIN;NFKBIA;SHOX2;STARD3;FKBP4;TGFBRAP1;MRPL23;CA2;ALDOA;PPT1;AQP3;PLCL1;SOD2;GLS;RPN1;GPX3;CHRNA5;FOS;NXF1;TMBIM6;ARRB2;LHX2;NPTX2;ENO2;BAK1;SLC6A12;LYN;CDC34;NR4A1;CHKA;PDLIM3;IL6ST;YKT6;SIGMAR1;PRKACA;CYP1A1;GGH;NKX2-5;GAL;CDO1;CREG1;BID;RHOB;HSPA2;H2AFX;RASGRP1;ABCB1;BSG;ACAA1;WIZ;OLFM1;ALAS1;CDKN2B;ATP6V1F;CLCN2;TST;MAOA;HLA-F;CYB5R1;PPP1R2;MAPK8IP2;CASP3;DNAJA1;GRINA;POLG2;CLTB;BMP2;ASNS;RRAD;ATP6V1C1;FEN1;DDX21;CNP;DNAJB1;BTG2;E2F5;PDAP1;STIP1;PPAT;RAB27A;SQSTM1;PPIF;BTG3;AP2S1;EIF2S3;NAT1;PTPRD;GRPEL1;CCNE1;RFC4;EIF5;CYB5B;HNRNPU;PARP2;RXRB;IRF1;HSPA13;PRPF3;CEBPG;CDC5L;TARS;BTG1;CDK2;ATF3;UROD;HMOX1;POLE3;SULT1A1;PSMC3,NPTXR;COL2A1;TAP1;BCL2L11;SLC25A4;JUNB;CDKN1C;CXCL2;DGAT1;POLR2H;DLG4;HYAL2;KLHDC3;MMP14;SPR;RET;PRKCD;TFRC;CCND3;EPHX1;AMD1;SLC6A8;GCH1;FOSB;EPCAM;IGFBP2;MARK2;TYRO3;STK25;MGAT1;KCNH2;TUBA4A;MSX1;FURIN;NFKBIA;SHOX2;STARD3;FKBP4;TGFBRAP1;MRPL23;CA2;ALDOA;PPT1;AQP3;PLCL1;SOD2;GLS;RPN1;GPX3;CHRNA5;FOS;NXF1;TMBIM6;ARRB2;LHX2;NPTX2;ENO2;BAK1;SLC6A12;LYN;CDC34;NR4A1
HALLMARK_COAGULATION,0.3860542199314759,1.5722830450512886,0.005298013245033113,0.02203573814295257,138,76,FN1;MMP15;CTSK;CTSB;LRP1;CD9;MMP14;F12;RABIF;PROS1;C1R;GSN;S100A13;LGMN;CLU;CSRP1;MAFF;FURIN;MMP11;ANG;GP1BA;COMP;KLK8;CFD;S100A1;BMP1;PLAU;SERPING1;MMP2;CRIP2;ADAM9;ITGA2;PLAT;CASP9;GNB2;LAMP2;C1S;SPARC;LTA4H;P2RY1;SIRT2;PEF1;APOC1;TFPI2;FYN;CFB;C2;TF;MASP2;GNG12;CAPN5;RAPGEF3;RAC1;ISCU;DPP4;PREP;ARF4;F3;SH2B2;USP11;MST1;C3;F8;MSRB2;PRSS23;FBN1;WDR1;TIMP3;DUSP6;TIMP1;KLF7;ANXA1;HTRA1;CTSH;CAPN2;CTSO,FN1;MMP15;CTSK;CTSB;LRP1;CD9;MMP14;F12;RABIF;PROS1;C1R;GSN;S100A13;LGMN;CLU;CSRP1;MAFF;FURIN;MMP11;ANG;GP1BA;COMP;KLK8;CFD;S100A1;BMP1;PLAU;SERPING1
HALLMARK_INFLAMMATORY_RESPONSE,0.3845535419344936,1.6182070157346562,0.0,0.02207915831663327,200,103,FZD5;SLC7A2;ATP2A2;TNFSF9;ICAM4;IFITM1;TPBG;NMUR1;PCDH7;IRAK2;SLC11A2;MMP14;CHST2;EMP3;LDLR;RHOG;SPHK1;CD70;GCH1;PLAUR;SLC4A4;HBEGF;RAF1;CD40;NFKBIA;PTGER2;IL15RA;STAB1;SLC31A2;GP1BA;ITGA5;CCL20;ADORA2B;ADM;NFKB1;DCBLD2;FFAR2;NPFFR2;SCN1B;AHR;RIPK2;LYN;ICOSLG;KIF1B;PDPN;C5AR1;IL18R1;KLF6;MYC;SGMS2;ATP2C1;IFNGR2;CD14;GPC3;LY6E;SLC7A1;IFNAR1;RASGRP1;SEMA4D;ATP2B1;CD55;BST2;CALCRL;MXD1;CD82;IL7R;RELA;PIK3R5;CDKN1A;P2RX4;EIF2AK2;HIF1A;ACVR2A;BTG2;PSEN1;IL10RA;MET;CSF1;ACVR1B;MSR1;RGS16;RNF144B;IL15;IL4R;F3;GABBR1;P2RY2;ADRM1;SLC31A1;PVR;TIMP1;GNAI3;PROK2;TNFRSF9;NAMPT;LPAR1;IRF1;SRI;NMI;ABI1;LIF;LAMP3;BEST1,FZD5;SLC7A2;ATP2A2;TNFSF9;ICAM4;IFITM1;TPBG;NMUR1;PCDH7;IRAK2;SLC11A2;MMP14;CHST2;EMP3;LDLR;RHOG;SPHK1;CD70;GCH1;PLAUR;SLC4A4;HBEGF;RAF1;CD40;NFKBIA;PTGER2;IL15RA;STAB1;SLC31A2;GP1BA;ITGA5;CCL20;ADORA2B;ADM;NFKB1;DCBLD2;FFAR2;NPFFR2;SCN1B;AHR;RIPK2;LYN;ICOSLG;KIF1B;PDPN
HALLMARK_TNFA_SIGNALING_VIA_NFKB,0.34923121032024856,1.5494758545310654,0.0011682242990654205,0.02246993987975952,200,158,TNFSF9;TAP1;SLC2A6;JUNB;CXCL2;PANX1;HES1;DUSP4;PDLIM5;SAT1;LDLR;IER2;IER5;B4GALT5;PMEPA1;SPHK1;JUN;NR4A2;CD44;MAP2K3;GCH1;FOSB;PLAUR;EGR3;KLF9;CYR61;MAFF;HBEGF;PER1;DUSP5;NFKBIA;NFKB2;ETS2;DUSP1;RCAN1;MCL1;FJX1;PFKFB3;TRIP10;SOD2;IL15RA;NFAT5;SOCS3;NR4A3;CCL20;ID2;PNRC1;ZBTB10;PLAU;GADD45B;SIK1;SNN;NFKB1;SGK1;EFNA1;GFPT2;FOS;F2RL1;PHLDA2;RIPK2;TNFAIP8;EHD1;LAMB3;NR4A1;ICOSLG;ZFP36;FUT4;DENND5A;MSC;MAP3K8;TNIP2;IL6ST;TNFAIP3;KLF6;TNIP1;CD83;MYC;NINJ1;B4GALT1;MARCKS;KLF2;IFNGR2;TIPARP;ZC3H12A;DUSP2;RHOB;SLC2A3;REL;KDM6B;ATP2B1;CCND1;MXD1;EGR1;SDC4;KLF4;KLF10;DDX58;IL7R;RELA;TRIB1;TNFAIP2;PTGS2;PTX3;GEM;CDKN1A;EGR2;FOSL1;BHLHE40;BMP2;SMAD3;BCL6;LITAF;RELB;IRS2;BTG2;G0S2;RNF19B;CSF1;BIRC2;SPSB1;BCL3;SQSTM1;CFLAR;CCNL1;F3;BTG3;TGIF1;DNAJB4;CXCL3;YRDC;JAG1;TANK;TNC;CEBPB;FOSL2;TUBB2A;PLK2;TRAF1;DRAM1;NFIL3;NFKBIE;SERPINB8;TNFRSF9;CEBPD;NAMPT;IRF1;VEGFA;BTG1;GADD45A;ATF3;TSC22D1;AREG;EIF1;NFE2L2;LIF;SLC16A6;PPP1R15A;IL23A,TNFSF9;TAP1;SLC2A6;JUNB;CXCL2;PANX1;HES1;DUSP4;PDLIM5;SAT1;LDLR;IER2;IER5;B4GALT5;PMEPA1;SPHK1;JUN;NR4A2;CD44;MAP2K3;GCH1;FOSB;PLAUR;EGR3;KLF9;CYR61;MAFF;HBEGF;PER1;DUSP5;NFKBIA;NFKB2;ETS2;DUSP1;RCAN1;MCL1;FJX1;PFKFB3;TRIP10;SOD2;IL15RA;NFAT5;SOCS3;NR4A3;CCL20;ID2;PNRC1;ZBTB10;PLAU;GADD45B;SIK1;SNN;NFKB1;SGK1;EFNA1;GFPT2;FOS;F2RL1;PHLDA2;RIPK2;TNFAIP8;EHD1;LAMB3;NR4A1;ICOSLG;ZFP36;FUT4;DENND5A;MSC;MAP3K8;TNIP2;IL6ST;TNFAIP3;KLF6;TNIP1;CD83;MYC;NINJ1;B4GALT1;MARCKS;KLF2;IFNGR2;TIPARP;ZC3H12A;DUSP2;RHOB;SLC2A3;REL
HALLMARK_MYOGENESIS,0.3633873007948309,1.5994006677345303,0.0,0.023609719438877755,200,136,FHL1;OCEL1;TGFB1;COL1A1;AGRN;FKBP1B;TNNT1;ADCY9;REEP1;ERBB3;ABLIM1;MYO1C;AK1;GSN;SPTAN1;SYNGR2;VIPR1;CKB;CACNA1H;ITGA7;SPHK1;CLU;FOXO4;MAPK12;SCD;SLC6A8;SH2B1;HBEGF;KCNH2;AKT2;MAPRE3;IGFBP7;DAPK2;TPM2;LPIN1;PPFIA4;ATP6AP1;RIT1;APOD;COL4A2;CFD;GADD45B;GPX3;PC;ITGB5;ITGB1;GABARAPL2;PDLIM7;MYL6B;CHRNB1;PDE4DIP;MYL3;PFKM;MYH9;TEAD4;CNN3;APP;ACHE;ENO3;DTNA;NOTCH1;NCAM1;COL6A2;FABP3;PKIA;SVIL;AGL;GNAO1;SPARC;BAG1;ACTN2;SIRT2;PVALB;ACTA1;MEF2D;KLF5;GAA;SORBS1;PICK1;TCAP;PLXNB2;HDAC5;EIF4A2;FXYD1;PYGM;FST;CDKN1A;SMTN;FLII;TPD52L1;BHLHE40;MEF2A;CRAT;SCHIP1;TAGLN;ST5;CAV3;CTF1;TSC2;ATP2A1;KIFC3;CAMK2B;DMPK;BIN1;FGF2;RYR1;MYH3;MEF2C;EPHB3;PSEN2;MYLK;WWTR1;MYOM2;PRNP;HSPB8;TPM3;FDPS;DMD;MRAS;PTP4A3;PGAM2;SPEG;TNNC1;NAV2;ITGB4;RB1;LSP1;CRYAB;NQO1;SSPN;ACSL1;IFRD1;STC2;COL6A3;SORBS3;SH3BGR,FHL1;OCEL1;TGFB1;COL1A1;AGRN;FKBP1B;TNNT1;ADCY9;REEP1;ERBB3;ABLIM1;MYO1C;AK1;GSN;SPTAN1;SYNGR2;VIPR1;CKB;CACNA1H;ITGA7;SPHK1;CLU;FOXO4;MAPK12;SCD;SLC6A8;SH2B1;HBEGF;KCNH2;AKT2;MAPRE3;IGFBP7;DAPK2;TPM2;LPIN1;PPFIA4;ATP6AP1;RIT1;APOD;COL4A2;CFD;GADD45B;GPX3;PC;ITGB5;ITGB1;GABARAPL2;PDLIM7;MYL6B;CHRNB1;PDE4DIP;MYL3;PFKM;MYH9;TEAD4
HALLMARK_UV_RESPONSE_DN,0.362399096331291,1.5740524425082485,0.0036144578313253013,0.024301728456913828,144,130,PAPD7;TGFBR3;COL1A1;MMP16;GRK5;IGFBP5;LAMC1;SIPA1L1;NOTCH2;PTPRM;PDLIM5;SMAD7;LDLR;FZD2;ATXN1;MGLL;CACNA1A;PRDM2;CYR61;ZMIZ1;CDON;GCNT1;ID1;CITED2;KIT;INSIG1;PPARG;APBB2;NRP1;CELF2;DUSP1;IGF1R;GJA1;ATRX;PIK3CD;PRKAR2B;SDC2;ADORA2B;ATRN;PRKCA;PIK3R3;NFKB1;RUNX1;KALRN;MAP1B;PHF3;PTGFR;NEK7;RGS4;CAV1;PMP22;MYC;DDAH1;AKT3;SYNJ2;ATP2C1;BMPR1A;PIAS3;SPOP;CDK13;SLC7A1;ERBB2;CDC42BPA;DAB2;ATP2B1;PRKCE;MTA1;RASA2;SCN8A;MAPK14;DLG1;DYRK1A;SYNE1;ABCC1;FYN;NR1D2;DLC1;VLDLR;DBP;TJP1;TGFBR2;NIPBL;VAV2;LTBP1;TFPI;INPP4B;ARHGEF9;CDKN1B;RXRA;BHLHE40;SMAD3;SCHIP1;YTHDC1;SFMBT1;AGGF1;ACVR2A;WDR37;ANXA2;MET;FHL2;IRS1;FAM179B;PEX14;NR3C1;F3;SNAI2;KCNMA1;PLCB4;AMPH;BCKDHB;MAGI2;SCAF8;PTEN;FBLN5;PTPN21;RND3;RBPMS;ATP2B4;EFEMP1;ANXA4;LPAR1;SRI;ICA1;NFIB;ADD3;MIOS;MAP2K5;MRPS31;CAP2;ATP5S,PAPD7;TGFBR3;COL1A1;MMP16;GRK5;IGFBP5;LAMC1;SIPA1L1;NOTCH2;PTPRM;PDLIM5;SMAD7;LDLR;FZD2;ATXN1;MGLL;CACNA1A;PRDM2;CYR61;ZMIZ1;CDON;GCNT1;ID1;CITED2;KIT;INSIG1;PPARG;APBB2;NRP1;CELF2;DUSP1;IGF1R;GJA1;ATRX;PIK3CD;PRKAR2B;SDC2;ADORA2B;ATRN;PRKCA;PIK3R3;NFKB1
HALLMARK_TGF_BETA_SIGNALING,0.41828393169727573,1.5509634860493728,0.008310249307479225,0.024521543086172347,54,51,TGFB1;JUNB;CDKN1C;SMAD6;APC;SMAD7;NOG;RAB31;SMAD1;PMEPA1;SLC20A1;BMPR2;ID1;FURIN;ID2;HIPK2;NCOR2;HDAC1;PPM1A;ID3;CDK9;SMURF2;ENG;SKI;IFNGR2;CDH1;BMPR1A;LTBP2;BCAR3;SPTBN1;KLF10;SMURF1;XIAP;ARID4B;TJP1;PPP1CA;MAP3K7;RHOA;CTNNB1;TGFBR1;BMP2;SMAD3;TGIF1;WWTR1;SKIL;UBE2D3;FKBP1A;TRIM33;ACVR1;FNTA;PPP1R15A,TGFB1;JUNB;CDKN1C;SMAD6;APC;SMAD7;NOG;RAB31;SMAD1;PMEPA1;SLC20A1;BMPR2;ID1;FURIN;ID2;HIPK2;NCOR2;HDAC1;PPM1A;ID3;CDK9;SMURF2;ENG;SKI
HALLMARK_ESTROGEN_RESPONSE_LATE,0.3447039675365484,1.5359915688212795,0.0023952095808383233,0.024668086172344686,200,157,TIAM1;UNC13B;LLGL2;MYB;ABCA3;TPBG;EMP2;FOXC1;CELSR2;CD9;DCXR;CACNA2D2;IGFBP4;CHPT1;SLC29A1;RET;RAB31;GLA;METTL3;NBL1;NPY1R;TOB1;CKB;SLC22A5;TJP3;SLC9A3R1;IGSF1;CD44;SCARB1;EGR3;FGFR3;DHCR7;RAPGEFL1;HOMER2;CYP26B1;TFAP2C;PLXNB1;NAB2;CISH;RABEP1;FKBP4;CA2;FDFT1;SULT2B1;CPE;MAPT;PRKAR2B;ID2;CA12;SFN;NCOR2;SGK1;FOS;PTGES;TSPAN13;SLC16A1;ITPK1;OPN3;ARL3;SIAH2;PLA2G16;ZFP36;PDLIM3;AMFR;CAV1;IL6ST;KIF20A;IL17RB;PDZK1;RPS6KA2;COX6C;GAL;CDH1;DUSP2;NMU;NXT1;MICB;BAG1;FLNB;STIL;PERP;BLVRB;CCND1;SORD;SEMA3B;ST6GALNAC2;IDH2;OLFM1;KLF4;TFPI2;ANXA9;CHST8;FRK;FAM102A;SLC27A2;SLC26A2;TST;FKBP5;IMPA2;ABHD2;GALE;MAPK13;XRCC3;PAPSS2;GINS2;DLG5;ELOVL5;HSPA4L;TPD52L1;CXCL12;TSTA3;ASS1;SLC7A5;PTPN6;LSR;JAK2;DNAJC12;FARP1;SLC2A8;AFF1;PLAC1;JAK1;PLK4;TOP2A;PPIF;DNAJC1;HPRT1;DYNLT3;BTG3;FABP5;BCL2;HSPB8;NRIP1;PRSS23;RNASEH2A;TNNC1;WFS1;CDC20;PDCD4;ATP2B4;ALDH3A2;KCNK5;SNX10;ETFB;SLC1A4;ADD3;CDC6;SCNN1A;DHRS2;AREG;ISG20;UGDH;MOCS2;RBBP8;XBP1;ALDH3B1;MDK,TIAM1;UNC13B;LLGL2;MYB;ABCA3;TPBG;EMP2;FOXC1;CELSR2;CD9;DCXR;CACNA2D2;IGFBP4;CHPT1;SLC29A1;RET;RAB31;GLA;METTL3;NBL1;NPY1R;TOB1;CKB;SLC22A5;TJP3;SLC9A3R1;IGSF1;CD44;SCARB1;EGR3;FGFR3;DHCR7;RAPGEFL1;HOMER2;CYP26B1;TFAP2C;PLXNB1;NAB2;CISH;RABEP1;FKBP4;CA2;FDFT1;SULT2B1;CPE;MAPT;PRKAR2B;ID2;CA12;SFN;NCOR2;SGK1;FOS;PTGES;TSPAN13;SLC16A1;ITPK1;OPN3;ARL3;SIAH2;PLA2G16;ZFP36;PDLIM3;AMFR
HALLMARK_APICAL_SURFACE,0.47985460280524045,1.5796100430675752,0.015988372093023256,0.025400801603206416,44,28,SLC2A4;RTN4RL1;MDGA1;GAS1;ADIPOR2;PLAUR;AFAP1L2;CROCC;NCOA6;EFNA5;ATP8B1;DCBLD2;SCUBE1;LYN;GHRL;EPHB4;APP;ADAM10;B4GALT1;HSPB1;GSTM3;SULF2;TMEM8B;SRPX;FLOT2;GATA3;AKAP7;BRCA1,SLC2A4;RTN4RL1;MDGA1;GAS1;ADIPOR2;PLAUR;AFAP1L2;CROCC;NCOA6;EFNA5;ATP8B1;DCBLD2;SCUBE1;LYN;GHRL;EPHB4;APP;ADAM10;B4GALT1;HSPB1
HALLMARK_CHOLESTEROL_HOMEOSTASIS,0.41580150703069896,1.6230076545900989,0.007874015748031496,0.02588927855711423,74,69,EBP;ALCAM;SREBF2;CD9;LPL;ACAT2;LDLR;ABCA2;ERRFI1;FASN;LSS;FADS2;TM7SF2;CXCL16;LGMN;CLU;SCD;PLAUR;DHCR7;GUSB;PPARG;FDFT1;SQLE;GLDC;STARD4;CBS;PNRC1;IDI1;ETHE1;PDK3;CPEB2;CHKA;GSTM2;ALDOC;LGALS3;HMGCR;TNFRSF12A;ACTG1;TMEM97;SEMA3B;HMGCS1;MVK;MVD;ECH1;PCYT2;TP53INP1;CTNNB1;PMVK;CYP51A1;MAL2;ATXN2;GNAI1;ANXA5;FABP5;JAG1;GPX8;FDPS;ACSS2;HSD17B7;S100A11;ANTXR2;NFIL3;PLSCR1;NSDHL;ATF3;TRIB3;FAM129A;ATF5;STX5,EBP;ALCAM;SREBF2;CD9;LPL;ACAT2;LDLR;ABCA2;ERRFI1;FASN;LSS;FADS2;TM7SF2;CXCL16;LGMN;CLU;SCD;PLAUR;DHCR7;GUSB;PPARG;FDFT1;SQLE;GLDC;STARD4;CBS;PNRC1;IDI1;ETHE1;PDK3
HALLMARK_ESTROGEN_RESPONSE_EARLY,0.34006063770988254,1.5216496192364881,0.001184834123222749,0.02600200400801603,200,175,SLC7A2;TIAM1;PODXL;MYB;ABCA3;TPBG;ADCY9;REEP1;FOXC1;CELSR2;TGM2;HES1;MREG;ABLIM1;IGFBP4;CHPT1;RET;RAB31;GLA;AKAP1;FASN;ESRP2;NBL1;NPY1R;TOB1;SLC22A5;TJP3;SLC9A3R1;FAM63A;CD44;SCARB1;EGR3;DHCR7;RAPGEFL1;MAST4;SLC19A2;SLC39A6;CYP26B1;ADCY1;TFAP2C;KAZN;WWC1;TGIF2;CISH;IGF1R;FKBP4;FDFT1;SULT2B1;GJA1;SEC14L2;AQP3;MAPT;ASB13;CA12;SH3BP5;PMAIP1;SLC1A1;SFN;NCOR2;FOS;MYBL1;ELF1;PTGES;SLC16A1;ITPK1;OPN3;ARL3;SIAH2;PLA2G16;PDLIM3;AMFR;MED24;CLDN7;KDM4B;IL6ST;GREB1;MYC;RHOBTB3;IL17RB;PDZK1;INHBB;RPS6KA2;B4GALT1;SYNGR1;UGCG;TMEM164;TIPARP;MED13L;PEX11A;TSKU;CANT1;SVIL;SLC2A1;MUC1;NXT1;MICB;RASGRP1;BAG1;FLNB;BLVRB;CCND1;SEMA3B;RARA;OLFM1;KLF4;KLF10;ANXA9;FRK;RRP12;FAM102A;SLC27A2;DLC1;SLC26A2;THSD4;ELOVL2;FKBP5;ABAT;ABHD2;PAPSS2;ELF3;ELOVL5;INPP5F;TPD52L1;BHLHE40;NADSYN1;CXCL12;SLC7A5;TUBB2B;ENDOD1;JAK2;ISG20L2;FARP1;FHL2;AFF1;CBFA2T3;MPPED2;GFRA1;PPIF;DYNLT3;LRIG1;MYBBP1A;KCNK15;BCL11B;P2RY2;CELSR1;BCL2;HSPB8;NRIP1;PRSS23;DHRS3;TBC1D30;GAB2;UNC119;WFS1;NAV2;SNX24;FAM134B;KCNK5;SLC37A1;TTC39A;KRT18;SYT12;SLC1A4;ADD3;SCNN1A;DHRS2;DEPTOR;AREG;SYBU;KRT8;STC2;ZNF185;RBBP8;XBP1;ALDH3B1,SLC7A2;TIAM1;PODXL;MYB;ABCA3;TPBG;ADCY9;REEP1;FOXC1;CELSR2;TGM2;HES1;MREG;ABLIM1;IGFBP4;CHPT1;RET;RAB31;GLA;AKAP1;FASN;ESRP2;NBL1;NPY1R;TOB1;SLC22A5;TJP3;SLC9A3R1;FAM63A;CD44;SCARB1;EGR3;DHCR7;RAPGEFL1;MAST4;SLC19A2;SLC39A6;CYP26B1;ADCY1;TFAP2C;KAZN;WWC1;TGIF2;CISH;IGF1R;FKBP4;FDFT1;SULT2B1;GJA1;SEC14L2;AQP3;MAPT;ASB13;CA12;SH3BP5;PMAIP1;SLC1A1;SFN;NCOR2;FOS;MYBL1;ELF1
HALLMARK_HEDGEHOG_SIGNALING,0.4332366203303588,1.4523921483124478,0.05028735632183908,0.04493987975951903,36,31,UNC5C;TLE1;NKX6-1;CDK6;HEY2;NRCAM;GLI1;PTCH1;L1CAM;ETS2;NRP1;TLE3;NF1;CNTFR;MYH9;OPHN1;ACHE;SLIT1;LDB1;PML;CRMP1;VLDLR;NRP2;HEY1;RASA1;CELSR1;CDK5R1;VEGFA;DPYSL2;AMOT;RTN1,UNC5C;TLE1;NKX6-1;CDK6;HEY2;NRCAM;GLI1;PTCH1;L1CAM;ETS2;NRP1;TLE3;NF1;CNTFR
HALLMARK_WNT_BETA_CATENIN_SIGNALING,0.41528669147231845,1.456682050359809,0.039492242595204514,0.04577726882336101,42,39,WNT6;CSNK1E;JAG2;DLL1;PPARD;MAML1;HEY2;RBPJ;FZD8;KAT2A;FZD1;PTCH1;DKK1;FRAT1;NCOR2;LEF1;CCND2;NUMB;MYC;NOTCH1;ADAM17;AXIN2;TCF7;HDAC5;AXIN1;CTNNB1;HEY1;CUL1;WNT5B;GNAI1;PSEN2;JAG1;DVL2;HDAC11;NKD1;HDAC2;SKP2;NCSTN;TP53,WNT6;CSNK1E;JAG2;DLL1;PPARD;MAML1;HEY2;RBPJ;FZD8;KAT2A;FZD1;PTCH1
HALLMARK_FATTY_ACID_METABOLISM,-0.2675937527655492,-1.3953507436846144,0.006097560975609756,0.05201719576719577,158,130,DHCR24;ACAT2;HPGD;ACSM3;FASN;ETFDH;IDH3B;SLC22A5;EPHX1;MGLL;CPT1A;CPOX;ADIPOR2;REEP6;PPARA;AOC3;RDH11;CA2;ALDOA;PSME1;UBE2L6;PDHB;IDI1;YWHAH;S100A10;ENO2;ACSL4;NTHL1;ACADVL;MIF;LGALS1;SDHA;CYP1A1;ENO3;RETSAT;MDH2;CBR3;H2AFZ;NCAPH2;GLUL;ALAD;CRYZ;ACAA1;TP53INP2;GCDH;HSD17B11;ACADS;MAOA;HMGCS1;PTPRG;MDH1;CBR1;ECH1;METAP1;PCBD1;ELOVL5;HSP90AA1;ERP29;CRAT;HADHB;ACOX1;LDHA;AADAT;SERINC1;HSD17B4;G0S2;SDHC;SUCLA2;HSPH1;MCEE;HSDL2;PDHA1;D2HGDH;NBN;ACOT2;AUH;ME1;DLST;GABARAPL1;ACAA2;SUCLG1;PTS;GSTZ1;DLD;BLVRA;BCKDHB;PRDX6;BMPR1B;FH;SMS;IDH3G;GAPDHS;ACOT8;SDHD;HIBCH;HSD17B10;HSD17B7;ECI1;ACADM;ECI2;CCDC58;ACSS1;RAP1GDS1;ALDH3A2;MLYCD;OSTC;GPD2;APEX1;UROS;SUCLG2;ECHS1;ALDH9A1;IDH1;EHHADH;DECR1;ALDH3A1;ACO2;NSDHL;GRHPR;UROD;BPHL;HMGCL;ACSL1;UGDH;HCCS;HADH;ACADL;ODC1;ADSL;CPT2,BCKDHB;PRDX6;BMPR1B;FH;SMS;IDH3G;GAPDHS;ACOT8;SDHD;HIBCH;HSD17B10;HSD17B7;ECI1;ACADM;ECI2;CCDC58;ACSS1;RAP1GDS1;ALDH3A2;MLYCD;OSTC;GPD2;APEX1;UROS;SUCLG2;ECHS1;ALDH9A1;IDH1;EHHADH;DECR1;ALDH3A1;ACO2;NSDHL;GRHPR;UROD;BPHL;HMGCL;ACSL1;UGDH;HCCS;HADH;ACADL;ODC1;ADSL;CPT2
HALLMARK_E2F_TARGETS,-0.2433390229243191,-1.331746537141517,0.015748031496062992,0.060156249999999994,200,196,MKI67;TFRC;DCTPP1;LUC7L3;POLE;POLE4;ILF3;KIF18B;NAA38;HMGA1;PDS5B;PRDX4;TIMELESS;TUBG1;UBE2S;CDC25B;LBR;POLD1;TBRG4;DDX39A;MXD3;CTCF;SPAG5;SRSF1;CIT;SRSF2;ESPL1;CCP110;ASF1B;SLBP;ANP32E;NOLC1;POP7;SNRPB;CKS2;DNMT1;CDKN2A;MYC;SPC24;BIRC5;IPO7;BUB1B;GSPT1;RRM2;CENPM;H2AFX;H2AFZ;PHF5A;HELLS;DCLRE1B;NCAPD2;GINS1;KIF22;XPO1;NUP153;ORC6;PTTG1;ATAD2;TCF19;HN1;STMN1;AK2;MCM3;WEE1;WDR90;NUDT21;DUT;PNN;AURKB;ORC2;RANBP1;CDC25A;PRKDC;CDKN1A;STAG1;NAP1L1;CDKN1B;DONSON;UNG;E2F8;SMC6;DLGAP5;TK1;PRPS1;CDCA3;DEK;SUV39H1;RPA1;SYNCRIP;RFC3;PLK1;SHMT1;HMGB3;EED;MCM4;TACC3;MCM6;CHEK2;BRCA2;KIF2C;CENPE;MYBL2;AURKA;NME1;BRMS1L;CDCA8;TRA2B;PLK4;SMC4;KIF4A;NUP205;PAN2;NBN;TOP2A;MELK;RACGAP1;NASP;CDKN2C;PPM1D;EZH2;CHEK1;RAN;PPP1R8;UBR7;RPA2;CDK1;DCK;PSMC3IP;DEPDC1;NOP56;MCM5;DSCC1;DIAPH3;MSH2;MTHFD2;MAD2L1;CCNE1;RBBP7;MCM2;LMNB1;TUBB;MMS22L;USP1;SPC25;PCNA;PSIP1;SMC1A;TMPO;TRIP13;PA2G4;RAD21;CDK4;HUS1;RAD51AP1;RNASEH2A;CDKN3;MCM7;CDC20;LYAR;CCNB2;CSE1L;SMC3;EIF2S1;KPNA2;PAICS;RAD1;CKS1B;TIPIN;RAD50;PRIM2;POLD2;PMS2;HNRNPD;GINS3;BARD1;NUP107;ASF1A;POLD3;RFC1;SSRP1;CBX5;HMMR;GINS4;BRCA1;HMGB2;RAD51C;ZW10;RFC2;POLA2;ING3;TP53;LIG1;XRCC6;EXOSC8;RPA3;UBE2T,RPA2;CDK1;DCK;PSMC3IP;DEPDC1;NOP56;MCM5;DSCC1;DIAPH3;MSH2;MTHFD2;MAD2L1;CCNE1;RBBP7;MCM2;LMNB1;TUBB;MMS22L;USP1;SPC25;PCNA;PSIP1;SMC1A;TMPO;TRIP13;PA2G4;RAD21;CDK4;HUS1;RAD51AP1;RNASEH2A;CDKN3;MCM7;CDC20;LYAR;CCNB2;CSE1L;SMC3;EIF2S1;KPNA2;PAICS;RAD1;CKS1B;TIPIN;RAD50;PRIM2;POLD2;PMS2;HNRNPD;GINS3;BARD1;NUP107;ASF1A;POLD3;RFC1;SSRP1;CBX5;HMMR;GINS4;BRCA1;HMGB2;RAD51C;ZW10;RFC2;POLA2;ING3;TP53;LIG1;XRCC6;EXOSC8;RPA3;UBE2T
HALLMARK_PROTEIN_SECRETION,-0.291460031543565,-1.3965198713953257,0.009900990099009901,0.06198412698412699,96,94,ATP1A1;GLA;GOLGA4;SCAMP3;COG2;PPT1;ATP6V1B1;GNAS;YIPF6;CTSC;CD63;ANP32E;MAPK1;KIF1B;DST;YKT6;M6PR;ADAM10;VAMP4;STX12;TMX1;SCRN1;LAMP2;SGMS1;DOPEY1;RAB9A;ARFGEF1;PAM;NAPG;CAV2;SEC24D;GBF1;MON2;LMAN1;ATP7A;COPB2;IGF2R;CLN5;BNIP3;EGFR;STX16;RAB22A;ATP6V1H;AP3S1;GALC;AP3B1;RAB14;CLCN3;ERGIC3;VAMP7;SOD1;VAMP3;SEC22B;GOSR2;AP2S1;TMED2;TMED10;AP2M1;AP1G1;TSG101;OCRL;CLTA;DNM1L;RPS6KA3;ARF1;SNX2;ARCN1;STX7;AP2B1;ARFIP1;COPB1;NAPA;VPS4B;CLTC;TPD52;COPE;VPS45;SH3GL2;SCAMP1;RAB2A;ICA1;ARFGAP3;KRT18;SEC31A;RAB5A;SNAP23;STAM;TOM1L1;SSPN;RER1;ZW10;USO1;BET1;ARFGEF2,VAMP7;SOD1;VAMP3;SEC22B;GOSR2;AP2S1;TMED2;TMED10;AP2M1;AP1G1;TSG101;OCRL;CLTA;DNM1L;RPS6KA3;ARF1;SNX2;ARCN1;STX7;AP2B1;ARFIP1;COPB1;NAPA;VPS4B;CLTC;TPD52;COPE;VPS45;SH3GL2;SCAMP1;RAB2A;ICA1;ARFGAP3;KRT18;SEC31A;RAB5A;SNAP23;STAM;TOM1L1;SSPN;RER1;ZW10;USO1;BET1;ARFGEF2
HALLMARK_IL2_STAT5_SIGNALING,0.32186529064181546,1.411406123849009,0.01995305164319249,0.0625250501002004,200,150,MAPKAPK2;GPX4;AHNAK;TIAM1;ETV4;CDKN1C;SLC39A8;ALCAM;NOP2;HUWE1;COCH;SLC29A2;TGM2;ITGA6;MYO1C;BATF3;RHOH;NCS1;WLS;SYNGR2;CCND3;NCOA3;ITGAE;CD44;BMPR2;MAFF;PHTF2;ITGAV;SPRED2;FURIN;PTCH1;SYT11;NRP1;CISH;PTGER2;IGF1R;CA2;LRRC8C;ENPP1;SOCS1;AHCY;S100A1;HIPK2;GADD45B;PRKCH;AKAP2;MYO1E;ST3GAL4;POU2F1;AHR;NFKBIZ;TNFRSF21;APLP1;PDCD2L;COL6A1;PUS1;UCK2;SLC1A5;DENND5A;MAP3K8;FAM126B;IL18R1;CCND2;RORA;KLF6;ENO3;CD83;NDRG1;MYC;IKZF4;EMP1;SNX14;P4HA1;RHOB;SLC2A3;PRAF2;IL3RA;ARL4A;IFITM3;MUC1;IRF8;GUCY1B3;ABCB1;RRAGD;CD81;MXD1;IFNGR1;PLEC;SH3BGRL2;SMPDL3A;AGER;ADAM19;PTH1R;TWSG1;CTSZ;CASP3;SNX9;CDC42SE2;HOPX;PNP;P2RX4;BHLHE40;BMP2;IGF2R;IL10RA;CSF1;PIM1;RABGAP1L;RGS16;TTC39B;CKAP4;FLT3LG;PTRH2;IL4R;GABARAPL1;LCLAT1;LRIG1;GALM;DCPS;CAPN3;RNH1;PRNP;CCNE1;BCL2;SWAP70;IKZF2;GLIPR2;DHRS3;TRAF1;EOMES;BCL2L1;NFIL3;CYFIP1;TNFRSF9;PLAGL1;ANXA4;AMACR;UMPS;PLSCR1;PLIN2;SERPINB6;CDC6;HK2;LIF;FAH;SOCS2;GSTO1;XBP1;CAPG;ODC1,MAPKAPK2;GPX4;AHNAK;TIAM1;ETV4;CDKN1C;SLC39A8;ALCAM;NOP2;HUWE1;COCH;SLC29A2;TGM2;ITGA6;MYO1C;BATF3;RHOH;NCS1;WLS;SYNGR2;CCND3;NCOA3;ITGAE;CD44;BMPR2;MAFF;PHTF2;ITGAV;SPRED2;FURIN;PTCH1;SYT11;NRP1;CISH;PTGER2;IGF1R;CA2;LRRC8C;ENPP1;SOCS1;AHCY;S100A1;HIPK2;GADD45B;PRKCH;AKAP2;MYO1E;ST3GAL4;POU2F1;AHR;NFKBIZ;TNFRSF21;APLP1;PDCD2L;COL6A1;PUS1;UCK2;SLC1A5;DENND5A;MAP3K8;FAM126B;IL18R1;CCND2;RORA;KLF6;ENO3;CD83;NDRG1;MYC
HALLMARK_MTORC1_SIGNALING,-0.2421267769313465,-1.3345065302319972,0.007194244604316547,0.06781462585034014,200,193,ATP2A2;IGFBP5;IFI30;EBP;SLC6A6;CD9;DHCR24;LDLR;GLA;FADS2;TFRC;CXCR4;FADS1;TM7SF2;LGMN;SLC9A3R1;SCD;MAP2K3;ADIPOR2;DHCR7;TUBA4A;CORO1A;INSIG1;TUBG1;ACLY;RDH11;ALDOA;SQLE;PLOD2;DDX39A;RIT1;STARD4;PRDX1;CCNF;EGLN3;ELOVL6;TXNRD1;RPN1;PSMB5;IDI1;PIK3R3;G6PD;CTSC;SLC37A4;SRD5A1;SLC1A5;MLLT11;GLRX;ACSL3;YKT6;M6PR;TPI1;ABCF2;ARPC5L;HMGCR;P4HA1;PPIA;SLC2A3;RRM2;SLC2A1;AK4;POLR3G;LTA4H;TMEM97;GSR;SORD;CALR;BCAT1;ATP5G1;HMBS;ITGB2;NFKBIB;MTHFD2L;VLDLR;GSK3B;HMGCS1;BUB1;ENO1;GAPDH;CCNG1;CDC25A;HSPA4;PGK1;PNP;CDKN1A;ELOVL5;PSMD13;PGM1;BHLHE40;ASNS;HSPE1;UNG;CYP51A1;TBK1;SLC7A5;SLC7A11;SYTL2;LDHA;RPA1;BTG2;TOMM40;PLK1;PSPH;PITPNB;MCM4;ACACA;PDAP1;RAB1A;PPA1;STIP1;DHFR;AURKA;SERP1;CCT6A;NUP205;SQSTM1;PSMA4;GTF2H1;EDEM1;ME1;SDF2L1;HPRT1;GCLC;SKAP2;SSR1;IMMT;PSAT1;ETF1;EIF2S2;SEC11A;HSP90B1;MTHFD2;MCM2;PSMA3;UBE2D3;NFYC;NMT1;DDIT4;SHMT2;HSPA5;FDXR;COPS5;FKBP2;CYB5B;ATP6V1D;ACTR3;UCHL5;GPI;PSMC6;NFIL3;UFM1;EEF1E1;GBE1;PHGDH;NAMPT;PNO1;PSMC4;PSMD12;GMPS;ACTR2;SERPINH1;QDPR;PSMG1;SLC1A4;ADD3;IDH1;NUFIP1;TES;GGA2;CANX;EPRS;CACYBP;TRIB3;PFKL;PSME3;HK2;DDIT3;PDK1;TCEA1;FAM129A;IFRD1;WARS;GOT1;RRP9;NUPR1;USO1;CTH;PSMD14;XBP1;HSPD1;PSMC2;PPP1R15A;HSPA9,PSMA3;UBE2D3;NFYC;NMT1;DDIT4;SHMT2;HSPA5;FDXR;COPS5;FKBP2;CYB5B;ATP6V1D;ACTR3;UCHL5;GPI;PSMC6;NFIL3;UFM1;EEF1E1;GBE1;PHGDH;NAMPT;PNO1;PSMC4;PSMD12;GMPS;ACTR2;SERPINH1;QDPR;PSMG1;SLC1A4;ADD3;IDH1;NUFIP1;TES;GGA2;CANX;EPRS;CACYBP;TRIB3;PFKL;PSME3;HK2;DDIT3;PDK1;TCEA1;FAM129A;IFRD1;WARS;GOT1;RRP9;NUPR1;USO1;CTH;PSMD14;XBP1;HSPD1;PSMC2;PPP1R15A;HSPA9
HALLMARK_HEME_METABOLISM,0.31031183194640355,1.388216665697058,0.01909307875894988,0.07390368973240599,200,168,SPTB;CTSB;EIF2AK1;ICAM4;LRP10;IGSF3;ANK1;SLC11A2;FBXO34;GDE1;KHNYN;BMP2K;FBXO9;ARHGEF12;MINPP1;TFRC;CCND3;HDGF;FAM46C;SELENBP1;MFHAS1;SLC6A8;CPOX;MAP2K3;MARCH2;EZH1;NARF;AGPAT4;TRIM58;BCAM;FN3K;SLC10A3;SLC30A10;CTNS;CLIC2;ABCB6;CA2;HBQ1;GLRX5;RBM38;AQP3;TMCC2;BACH1;TSPAN5;ADIPOR1;BPGM;SEC14L1;FOXO3;EPOR;UBAC1;PC;P4HA2;SNCA;DCAF11;PPP2R5B;TMEM9B;NEK7;PQLC1;MBOAT2;PIGQ;SYNJ1;OPTN;HTATIP2;ATP6V0A1;RNF19A;MKRN1;MARCH8;CROCCP2;TOP1;SLC30A1;GAPVD1;LAMP2;CDR2;SLC2A1;DCAF10;KLF3;ALAD;BSG;SDCBP;BLVRB;TNRC6B;RAD23A;MARK3;LPIN2;SLC6A9;HMBS;ATG4A;ELL2;DAAM1;KAT2B;SLC22A4;E2F2;HAGH;FBXO7;PRDX2;DCUN1D1;BNIP3L;HIST1H4C;CDC27;ADD1;NNT;PGLS;ASNS;HTRA2;YPEL5;VEZF1;FOXJ2;OSBP2;CAST;NUDT4;SLC7A11;SLC25A37;RBM5;H1F0;BTG2;ENDOD1;MGST3;BTRC;PPOX;FTCD;RNF123;ISCA1;RAP1GAP;PICALM;EPB41;SLC25A38;USP15;CLCN3;GCLM;GCLC;NR3C1;C3;NCOA4;NFE2L1;SIDT2;FECH;ABCG2;MPP1;BLVRA;RCL1;TFDP2;PSMD9;RIOK3;LMO2;MXI1;ADD2;TRAK2;ACSL6;RANBP10;MOSPD1;CCDC28A;SMOX;GMPS;UROS;GYPC;ERMAP;RHCE;ARL2BP;ALDH6A1;UROD;XK;UCP2;CAT;XPO7;TCEA1;HEBP1;MOCOS;CIR1,SPTB;CTSB;EIF2AK1;ICAM4;LRP10;IGSF3;ANK1;SLC11A2;FBXO34;GDE1;KHNYN;BMP2K;FBXO9;ARHGEF12;MINPP1;TFRC;CCND3;HDGF;FAM46C;SELENBP1;MFHAS1;SLC6A8;CPOX;MAP2K3;MARCH2;EZH1;NARF;AGPAT4;TRIM58;BCAM;FN3K;SLC10A3;SLC30A10;CTNS;CLIC2;ABCB6;CA2;HBQ1;GLRX5;RBM38;AQP3;TMCC2;BACH1;TSPAN5;ADIPOR1;BPGM;SEC14L1;FOXO3;EPOR;UBAC1;PC;P4HA2;SNCA
HALLMARK_APICAL_JUNCTION,0.3105557762727198,1.3744309467599307,0.027251184834123223,0.0752254509018036,200,147,NLGN2;NRTN;ICAM4;NF2;AMH;FSCN1;VCAN;CNN2;CNTN1;PCDH1;CD99;RAC2;MPZL1;PPP2R2C;MAP4K2;AMIGO2;PLCG1;ADAM15;ITGA3;LDLRAP1;CD276;GNAI2;RRAS;LIMA1;SLIT2;TSPAN4;CLDN4;TAOK2;KCNH2;AKT2;INPPL1;JUP;MPP5;INSIG1;TUBG1;PIK3CB;ADAM23;STX4;NF1;BMP1;PIK3R3;PARD6G;YWHAH;MMP2;ITGB1;PFN1;ICAM5;LAMB3;ADAM9;CLDN6;MYH9;SIRPA;CLDN7;CDK8;SYMPK;TIAL1;ITGA2;VASP;JAM3;IKBKG;AKT3;CLDN15;B4GALT1;WNK4;CDH1;PBX2;PKD1;DSC3;NLGN3;TSC1;ACTB;ACTG1;ACTN2;RHOF;MAPK14;LAMA3;VCL;ACTA1;TRO;ARPC2;DLG1;PTK2;NRXN2;SYK;RSU1;FLNC;MYH10;CDH3;TJP1;BAIAP2;HRAS;SRC;ACTN1;MVD;MAPK13;SLC30A3;TMEM8B;VAV2;ATP1A3;EVL;ZYX;MAPK11;NFASC;CLDN11;CRAT;CTNND1;EGFR;IRS1;WASL;THBS3;RASA1;AMIGO1;ARHGEF6;NEXN;SKAP2;GNAI1;ACTN4;ADRA1B;GTF2F1;ICAM2;CERCAM;ITGA9;PTEN;DHX16;GAMT;FBN1;SPEG;TRAF1;CAP1;CADM2;SDC3;ITGB4;SGCE;MYL12B;EPB41L2;LAYN;CDH8;PARVA;EXOC4;CRB3;SHC1;COL16A1;CTNNA1;MSN;SORBS3;HADH;MDK,NLGN2;NRTN;ICAM4;NF2;AMH;FSCN1;VCAN;CNN2;CNTN1;PCDH1;CD99;RAC2;MPZL1;PPP2R2C;MAP4K2;AMIGO2;PLCG1;ADAM15;ITGA3;LDLRAP1;CD276;GNAI2;RRAS;LIMA1;SLIT2;TSPAN4;CLDN4;TAOK2;KCNH2;AKT2;INPPL1;JUP;MPP5;INSIG1;TUBG1
HALLMARK_COMPLEMENT,0.3153918159033431,1.3771072233850346,0.03182374541003672,0.07717935871743486,200,130,FN1;MMP15;CTSB;LRP1;GRB2;CDA;KLK1;CD46;MMP14;RABIF;PRKCD;C1R;S100A13;CPM;LGMN;RHOG;CLU;CALM3;GNAI2;TIMP2;CSRP1;PLAUR;ATOX1;MAFF;RAF1;DUSP5;CTSD;ERAP2;DOCK4;CA2;ANG;APOBEC3G;GP1BA;STX4;COL4A2;HPCAL4;SERPING1;DYRK2;PFN1;EHD1;CTSC;ADAM9;LYN;VCPIP1;CALM1;PPP4C;TNFAIP3;CD59;LGALS3;DGKH;PLAT;CASP9;CR2;WAS;GNB2;KCNIP3;PCLO;LAMP2;PIK3CA;C1S;ZFPM2;PLA2G4A;PRCP;HSPA1A;LTA4H;RASGRP1;ACTN2;PDP1;CD55;GNB4;APOC1;RNF4;TFPI2;FYN;CASP7;RCE1;GCA;CFB;SRC;LIPA;C2;CASP3;L3MBTL4;PIK3R5;APOBEC3F;GNG2;GMFB;JAK2;PSEN1;BRPF3;USP14;PIM1;FDX1;SIRT6;DOCK9;USP15;DPP4;SH2B3;ME1;PREP;ZEB1;F3;ANXA5;KCNIP2;C3;PLA2G7;F8;CEBPB;CBLB;PPP2CB;CDK5R1;HSPA5;DUSP6;IRF2;AKAP10;TIMP1;GNAI3;USP8;GATA3;USP16;KIF2A;PLSCR1;IRF1;GPD2;CASP10;PRDM4;LAP3;XPNPEP1;CTSH;CTSO,FN1;MMP15;CTSB;LRP1;GRB2;CDA;KLK1;CD46;MMP14;RABIF;PRKCD;C1R;S100A13;CPM;LGMN;RHOG;CLU;CALM3;GNAI2;TIMP2;CSRP1;PLAUR;ATOX1;MAFF;RAF1;DUSP5;CTSD;ERAP2;DOCK4;CA2;ANG;APOBEC3G;GP1BA;STX4;COL4A2;HPCAL4;SERPING1;DYRK2;PFN1;EHD1;CTSC;ADAM9;LYN;VCPIP1
HALLMARK_MITOTIC_SPINDLE,0.30098913607406674,1.3583638464887478,0.02254791431792559,0.0792263097623819,200,195,TIAM1;BCL2L11;TRIO;WASF1;FSCN1;HDAC6;AKAP13;NOTCH2;APC;FLNA;PDLIM5;SSH2;GSN;ARHGEF12;SPTAN1;TUBGCP6;BCAR1;MYO9B;KPTN;BCR;ARHGAP29;LLGL1;LATS1;TAOK2;NIN;ARHGEF11;RHOT2;TUBA4A;INCENP;KLC1;SEPT9;ARHGEF7;DYNC1H1;FGD6;PIF1;SUN2;ARAP3;DOCK4;ARHGAP5;RICTOR;PREX1;PLEKHG2;RALBP1;TUBD1;CDC42EP2;NF1;CDC42EP4;ABR;ESPL1;NUMA1;CENPF;MYO1E;ARF6;ARHGAP4;PCNT;KIF3C;CRIPAK;ARHGAP27;ARHGDIA;KIF1B;MYH9;RAPGEF5;CD2AP;DST;OPHN1;RAPGEF6;BIRC5;SOS1;MARCKS;PCGF5;CLASP1;ARFIP2;KIF3B;ARHGAP10;TSC1;CDC42BPA;PPP4R2;CDK5RAP2;GEMIN4;CCDC88A;PAFAH1B1;RHOF;RABGAP1;KIF22;ABL1;RASA2;FLNB;MID1IP1;VCL;MAP3K11;SPTBN1;KATNB1;DLG1;RASAL2;SAC3D1;SASS6;CNTROB;WASF2;ECT2;ARFGEF1;SYNPO;MYH10;MARK4;MAP1S;CEP72;ROCK1;PXN;BUB1;CSNK1D;CDC42;ATG4B;PRC1;ANLN;CEP192;CLIP2;KIF5B;CLIP1;CDC27;MAPRE1;TLK1;ARHGEF3;DYNLL2;CYTH2;LRPPRC;CENPJ;CTTN;DLGAP5;KIF23;PLK1;NET1;KIF20B;ITSN1;PALLD;FARP1;STAU1;KIF11;NCK2;ALS2;WASL;FGD4;BRCA2;TPX2;TBCD;MID1;KIF2C;RASA1;CENPE;AURKA;BIN1;SMC4;KIF4A;EPB41;TUBGCP5;FBXO5;TOP2A;RACGAP1;TTK;ACTN4;CKAP5;CEP250;CDK1;TUBGCP2;NCK1;KNTC1;TUBGCP3;ALMS1;RANBP9;LMNB1;RAB3GAP1;YWHAE;HOOK3;SMC1A;CDC42EP1;UXT;STK38L;EZR;NEK2;CAPZB;CCNB2;PCM1;SMC3;KATNA1;ARL8A;KIF15;SHROOM1;NDC80;ABI1;EPB41L2;RFC1;KIFAP3;PKD2;ARHGEF2;CEP57;NUSAP1;CNTRL,TIAM1;BCL2L11;TRIO;WASF1;FSCN1;HDAC6;AKAP13;NOTCH2;APC;FLNA;PDLIM5;SSH2;GSN;ARHGEF12;SPTAN1;TUBGCP6;BCAR1;MYO9B;KPTN;BCR;ARHGAP29;LLGL1;LATS1;TAOK2;NIN;ARHGEF11;RHOT2;TUBA4A;INCENP;KLC1;SEPT9;ARHGEF7;DYNC1H1;FGD6;PIF1;SUN2;ARAP3;DOCK4;ARHGAP5;RICTOR;PREX1;PLEKHG2;RALBP1;TUBD1;CDC42EP2;NF1;CDC42EP4;ABR;ESPL1;NUMA1;CENPF;MYO1E;ARF6;ARHGAP4
HALLMARK_P53_PATHWAY,0.30605931453084634,1.3585360602283425,0.024764150943396228,0.08313877755511022,200,176,TGFB1;TNFSF9;TAP1;S100A4;IFI30;HEXIM1;ZBTB16;ABCC5;JAG2;DCXR;CTSF;EI24;EPHA2;SAT1;IER5;PROCR;MXD4;AK1;FUCA1;RAP2B;TOB1;CCND3;TRAF4;SPHK1;EPHX1;JUN;F2R;CSRNP2;CEBPA;HBEGF;RAB40C;SLC19A2;RHBDF2;CTSD;GM2A;IRAK1;PTPN14;PDGFA;DGKA;VDR;HIST1H1C;SERTAD3;STOM;SDC1;ZMAT3;BLCAP;SOCS1;KLK8;SFN;FOXO3;FOS;HIST3H2A;CCP110;S100A10;PRMT2;BAK1;TAX1BP3;ZFP36L1;DEF6;HINT1;APAF1;CCND2;APP;FAM162A;CDKN2A;NDRG1;INHBB;RETSAT;NINJ1;NOTCH1;PITPNC1;VAMP8;TGFA;CD81;PERP;ABHD4;MXD1;FBXW7;WWP1;EPS8L2;KLF4;CD82;TXNIP;CDKN2B;TM7SF3;PLXNB2;ABAT;BAIAP2;RALGDS;POLH;HRAS;CCNG1;FGF13;DNTTIP2;ADA;POM121;KIF13B;CDKN1A;LDHB;BAX;HSPA4L;TPD52L1;RXRA;BMP2;MKNK2;SP1;IKBKAP;IP6K2;STEAP3;RRAD;H2AFJ;SLC7A11;BTG2;HDAC3;WRAP73;TSPYL2;GLS2;RAD9A;SESN1;RNF19B;CCNK;PMM1;RPL18;PRKAB1;ACVR1B;ANKRA2;OSGIN1;PLK3;RGS16;RRP8;ISCU;RPL36;PPM1D;RCHY1;AEN;ERCC5;NUDT15;DDB2;CGRRF1;TRAFD1;CDK5R1;TRIAP1;PCNA;DDIT4;FDXR;SEC61A1;SLC35D1;PLK2;MAPKAPK3;DRAM1;MDM2;NOL8;ITGB4;RB1;PHLDA3;TPRKB;XPC;RPS12;CDKN2AIP;BTG1;SLC3A2;UPP1;CYFIP2;RPS27L;GADD45A;RAD51C;ATF3;TRIB3;DDIT3;TSC22D1;HMOX1;LIF;TP53;FAS;NUPR1;PPP1R15A,TGFB1;TNFSF9;TAP1;S100A4;IFI30;HEXIM1;ZBTB16;ABCC5;JAG2;DCXR;CTSF;EI24;EPHA2;SAT1;IER5;PROCR;MXD4;AK1;FUCA1;RAP2B;TOB1;CCND3;TRAF4;SPHK1;EPHX1;JUN;F2R;CSRNP2;CEBPA;HBEGF;RAB40C;SLC19A2;RHBDF2;CTSD;GM2A;IRAK1;PTPN14;PDGFA;DGKA;VDR;HIST1H1C;SERTAD3;STOM;SDC1;ZMAT3;BLCAP;SOCS1;KLK8;SFN;FOXO3;FOS;HIST3H2A;CCP110;S100A10;PRMT2
HALLMARK_KRAS_SIGNALING_DN,0.3219524330531426,1.3413475358599776,0.04974489795918367,0.08797025869921662,200,97,COL2A1;EPHA5;DLK2;SLC5A5;ZBTB16;CELSR2;CLSTN3;CHST2;SLC25A23;NR6A1;FAM46C;NR4A2;IGFBP2;FGFR3;TGM1;YPEL1;PLAG1;PTPRJ;TEX15;SHOX2;KCNN1;ENTPD7;ABCG4;MYO15A;ATP6V1B1;GP1BA;CCDC106;KLK8;CNTFR;SNN;SGK1;SNCB;MFSD6;TCF7L1;IFI44L;HSD11B2;SPTBN2;NUDT11;MAST3;PTGFR;MAGIX;CAMK1D;YBX2;HTR1D;THRB;SLC16A7;STAG3;IDUA;PRODH;KCNQ2;KCND1;GPR3;PARK2;CPEB3;SYNPO;P2RX6;SLC30A3;MTHFR;TNNI3;CALCB;SIDT1;SPHK2;GDNF;BTG2;MYOT;PNMT;SLC29A3;ASB7;RYR1;PDK2;ADRA2C;MX1;TFCP2L1;SKIL;GPRC5C;SLC38A3;GTF3C5;BMPR1B;EFHD1;MSH5;GAMT;DCC;CYP39A1;RGS11;COPZ2;C5;PAX3;ARHGDIG;BARD1;DTNB;RIBC2;CDKAL1;IRS4;GPR19;FGGY;SMPX;H2AFY2,COL2A1;EPHA5;DLK2;SLC5A5;ZBTB16;CELSR2;CLSTN3;CHST2;SLC25A23;NR6A1;FAM46C;NR4A2;IGFBP2;FGFR3;TGM1;YPEL1;PLAG1;PTPRJ;TEX15;SHOX2;KCNN1;ENTPD7;ABCG4;MYO15A;ATP6V1B1;GP1BA;CCDC106;KLK8;CNTFR;SNN;SGK1;SNCB;MFSD6;TCF7L1;IFI44L;HSD11B2;SPTBN2;NUDT11;MAST3;PTGFR;MAGIX
HALLMARK_ANGIOGENESIS,0.4200585278174611,1.3004577387267222,0.13818722139673106,0.11961313932212249,36,22,S100A4;VCAN;JAG2;LPL;ITGAV;MSX1;NRP1;PDGFA;LRPAP1;TNFRSF21;CCND2;APP;FGFR1;LUM;PTK2;KCNJ8;VAV2;JAG1;TIMP1;FSTL1;VEGFA;SLCO2A1,S100A4;VCAN;JAG2;LPL;ITGAV;MSX1;NRP1;PDGFA
HALLMARK_GLYCOLYSIS,0.285372032946571,1.2869035193314344,0.061465721040189124,0.1229008016032064,200,177,CHST6;COL5A1;AGRN;ARPP19;TPBG;PLOD1;VCAN;PAXIP1;CHST2;RPE;TPST1;POLR3K;SLC25A10;GPC4;EFNA3;CXCR4;CYB5A;CACNA1H;ARTN;XYLT2;CD44;GOT2;GALK1;CHST1;CHST12;PKP2;EXT1;SLC16A3;CITED2;GUSB;COG2;ABCB6;FKBP4;B3GAT3;ALDOA;KDELR3;HS2ST1;ANG;PPFIA4;PLOD2;AK3;SPAG4;SDC1;ALG1;GPC1;EGLN3;SDC2;ADORA2B;MERTK;QSOX1;SOX9;TALDO1;HOMER1;PDK3;CASP6;PC;P4HA2;BIK;ENO2;G6PD;B3GALT6;PGAM1;CENPA;SLC37A4;CHPF2;MIF;GLRX;MED24;PHKA2;NANP;KIF20A;FAM162A;TPI1;FUT8;MDH2;B4GALT1;P4HA1;PPIA;B4GALT2;LHX9;IDUA;GPC3;GNPDA1;AGL;AK4;IL13RA1;ANKZF1;TGFA;RRAGD;ZNF292;PYGB;STMN1;DSC2;GLCE;VLDLR;PAM;ENO1;MDH1;GALE;GAL3ST1;ELF3;PGK1;BPNT1;TXN;SLC35A3;PGLS;PGM2;COPB2;TSTA3;EGFR;PRPS1;IRS2;LDHA;RBCK1;PFKP;LHPP;B4GALT7;GYS1;MET;CHPF;MPI;SDHC;EXT2;CAPN5;AKR1A1;SAP30;AURKA;NASP;ME1;UGP2;PYGL;GCLC;SOD1;CDK1;DEPDC1;DLD;NOL3;GNE;PPP2CB;ECD;DDIT4;PGAM2;HSPA5;GAPDHS;B4GALT4;HS6ST2;TKTL1;MXI1;GMPPA;SDC3;GMPPB;KIF2A;PSMC4;CLN6;HDLBP;VEGFA;ME2;PMM2;ALDH9A1;IDH1;SRD5A3;HMMR;GALK2;NSDHL;LDHC;GFPT1;HK2;ISG20;SLC25A13;DPYSL4;STC2;RARS;ALDH7A1;HAX1;GOT1;CTH;NDUFV3,CHST6;COL5A1;AGRN;ARPP19;TPBG;PLOD1;VCAN;PAXIP1;CHST2;RPE;TPST1;POLR3K;SLC25A10;GPC4;EFNA3;CXCR4;CYB5A;CACNA1H;ARTN;XYLT2;CD44;GOT2;GALK1;CHST1;CHST12;PKP2;EXT1;SLC16A3;CITED2;GUSB;COG2;ABCB6;FKBP4;B3GAT3;ALDOA;KDELR3;HS2ST1;ANG;PPFIA4;PLOD2;AK3;SPAG4;SDC1;ALG1;GPC1;EGLN3;SDC2;ADORA2B;MERTK;QSOX1;SOX9;TALDO1;HOMER1;PDK3;CASP6;PC;P4HA2;BIK;ENO2;G6PD;B3GALT6;PGAM1;CENPA
HALLMARK_KRAS_SIGNALING_UP,0.30034365460575063,1.2906092074969697,0.06837606837606838,0.12431738476953907,200,124,IGF2;EPHB2;ETV4;ALDH1A2;GUCY1A3;ANKH;FUCA1;ST6GAL1;CXCR4;TRIB2;PLAUR;HOXD11;PCSK1N;HBEGF;TOR1AIP2;NIN;AKT2;BTBD3;JUP;NRP1;MMP11;SPRY2;CAB39L;CA2;CPE;TMEM158;SCG5;APOD;SATB1;CCL20;ID2;ETV5;PLAU;MMD;CD37;SOX9;BPGM;GFPT2;DCBLD2;F2RL1;FGF9;CSF2RA;SCN1B;TSPAN13;MAFB;TSPAN7;EVI5;GLRX;ENG;TNFAIP3;CCND2;HDAC9;PRRX1;ITGA2;KIF5C;PLAT;AKAP12;EMP1;ZNF639;GPRC5B;AMMECR1;IRF8;ADAM17;ABCB1;SEMA3B;MAP4K1;KLF4;ITGB2;AVL9;USP12;IL7R;CFB;MAP3K1;GNG11;TRIB1;GADD45G;PTGS2;ALDH1A3;STRN;ETS1;TFPI;BMP2;CBX8;RBM4;G0S2;MAP7;IL10RA;CBL;LAT2;MTMR10;ETV1;RABGAP1L;RGS16;CLEC4A;ACE;WDR33;PTBP2;CROT;TMEM100;SNAP91;YRDC;DNMBP;CDADC1;FLT4;ZNF277;LCP1;DUSP6;TRAF1;ADAM8;EPB41L3;GPNMB;SDCCAG8;USH1C;PRKG2;CBR4;GYPC;NAP1L2;ATG10;FBXO4;LIF;PTCD2;SPON1;PPP1R15A;NGF,IGF2;EPHB2;ETV4;ALDH1A2;GUCY1A3;ANKH;FUCA1;ST6GAL1;CXCR4;TRIB2;PLAUR;HOXD11;PCSK1N;HBEGF;TOR1AIP2;NIN;AKT2;BTBD3;JUP;NRP1;MMP11;SPRY2;CAB39L;CA2;CPE;TMEM158;SCG5;APOD;SATB1;CCL20;ID2;ETV5;PLAU;MMD;CD37;SOX9;BPGM;GFPT2;DCBLD2;F2RL1;FGF9;CSF2RA;SCN1B;TSPAN13;MAFB;TSPAN7
HALLMARK_INTERFERON_GAMMA_RESPONSE,0.2736617927020328,1.1824324942918427,0.17739975698663427,0.2485804943219773,200,129,TAP1;IFI30;SECTM1;PSME2;MT2A;NLRC5;ST3GAL5;TOR1B;C1R;LGALS3BP;NCOA3;IFITM2;GCH1;IL18BP;ST8SIA4;CD40;NFKBIA;PELI1;TRIM21;B2M;RNF213;ZNFX1;HLA-B;PSME1;SOD2;IL15RA;SPPL2A;SOCS3;SOCS1;STAT3;IFI35;UBE2L6;METTL7B;SERPING1;BPGM;NFKB1;STAT2;RIPK2;IFI44L;SLC25A28;TNFAIP3;PARP12;RAPGEF6;HLA-DMA;LYSMD2;LY6E;SAMHD1;C1S;PLA2G4A;ARL4A;VAMP8;IFITM3;IRF8;BST2;ARID5B;TXNIP;DDX58;PML;HLA-DRB1;CASP7;STAT1;OGFR;CFB;TRIM25;TNFAIP2;PTGS2;BATF2;ADAR;MYD88;CASP3;TRIM14;PSMA2;ISOC1;PNP;CDKN1A;EIF2AK2;RNF31;IFIT1;IFI27;HIF1A;USP18;LATS2;PTPN6;RBCK1;PFKP;JAK2;IL10RA;TDRD7;CASP8;RIPK1;PIM1;PSMB10;AUTS2;PSMB2;HLA-DQA1;IL15;IL4R;PTPN2;IRF9;STAT4;MX1;OAS3;MTHFD2;IFNAR2;TRAFD1;VAMP5;PSMA3;IRF2;NUP93;MVP;NAMPT;PLSCR1;PTPN1;IRF1;SRI;PNPT1;NMI;NOD1;EIF4E3;BTG1;UPP1;LAP3;DDX60;SSPN;ISG20;WARS;FAS;HERC6;ISG15,TAP1;IFI30;SECTM1;PSME2;MT2A;NLRC5;ST3GAL5;TOR1B;C1R;LGALS3BP;NCOA3;IFITM2;GCH1;IL18BP;ST8SIA4;CD40;NFKBIA;PELI1;TRIM21;B2M;RNF213;ZNFX1;HLA-B;PSME1;SOD2;IL15RA;SPPL2A;SOCS3;SOCS1;STAT3;IFI35;UBE2L6;METTL7B;SERPING1;BPGM;NFKB1
HALLMARK_ANDROGEN_RESPONSE,0.29150808790463345,1.1833023222717054,0.18,0.25667585170340684,101,91,SLC38A2;DHCR24;PDLIM5;GUCY1A3;DBI;SAT1;ADAMTS1;CDK6;HPGD;ANKH;FADS1;SRF;CCND3;PMEPA1;SCD;ZMIZ1;HOMER2;ITGAV;INSIG1;B2M;TMEM50A;IQGAP2;ZBTB10;MERTK;CAMKK2;IDI1;SGK1;CDC14B;TNFAIP8;LIFR;SPCS3;ABCC4;ACSL3;CENPN;NDRG1;RAB4A;B4GALT1;AKAP12;HMGCR;ELK4;GSR;CCND1;SORD;ARID5B;HSD17B14;ELL2;MAF;RRP12;SLC26A2;FKBP5;HMGCS1;ABHD2;ACTN1;ALDH1A3;SEC24D;LMAN1;ELOVL5;INPP4B;GPD1L;APPBP2;AKT1;MYL12A;H1F0;MAP7;UAP1;NKX3-1;PIAS1;MAK;HERC3;PTK2B;NCOA4;ADRM1;RPS6KA3;VAPA;BMPR1B;XRCC5;SMS;PA2G4;PTPN21;GNAI3;TPD52;STK39;UBE2J1;SRP19;NGLY1;TSC22D1;DNAJB9;UBE2I;KRT8;XRCC6;PGM3,SLC38A2;DHCR24;PDLIM5;GUCY1A3;DBI;SAT1;ADAMTS1;CDK6;HPGD;ANKH;FADS1;SRF;CCND3;PMEPA1;SCD;ZMIZ1;HOMER2;ITGAV;INSIG1;B2M;TMEM50A;IQGAP2;ZBTB10;MERTK;CAMKK2;IDI1;SGK1
HALLMARK_XENOBIOTIC_METABOLISM,0.2676839102138327,1.1642116611867133,0.18257756563245822,0.2688367807042657,200,137,APOE;ATP2A2;ARPP19;HES6;SPINT2;SLC6A6;MT2A;DCXR;CDA;PPARD;EPHA2;PDLIM5;TPST1;IGFBP4;PROS1;PINK1;ETFDH;CYB5A;PYCR1;PGRMC1;EPHX1;BCAR1;GCH1;SLC46A3;ATOH8;GAD1;JUP;ETS2;FBLN1;NDRG2;CYP2S1;NFS1;CA2;CYP27A1;ID2;AHCY;ABCC2;POR;SERTAD1;TMBIM6;ABHD6;CASP6;PC;PTGES;SLC6A12;LEAP2;SLC1A5;ENTPD5;MARCH6;DHPS;COMT;MAN1A1;CYP1A1;ACP2;RETSAT;NINJ1;CDO1;CYP2J2;ALDH2;IRF8;PDK4;TMEM97;GSTM4;GSR;BLVRB;CYP26A1;BCAT1;SAR1B;LPIN2;ALAS1;DDAH2;CFB;MAOA;NPC1;MPP2;CBR1;PAPSS2;ECH1;PTGDS;ELOVL5;ASL;DHRS1;ACOX1;ITIH4;PTGES3;TNFRSF1A;PMM1;CSAD;GCNT2;LCAT;PSMB10;RAP1GAP;AP4B1;DDT;SLC12A4;CYP2E1;HPRT1;ACOX3;GCLC;CROT;GABARAPL1;PTS;GART;ARG2;ENPEP;NMT1;SHMT2;ADH5;SLC35D1;ACP1;PGD;CNDP2;MCCC2;LONP1;SMOX;PEMT;DHRS7;KARS;ALDH9A1;IDH1;GSS;UPP1;CYFIP2;ALDH3A1;SLC35B1;ACO2;NQO1;BPHL;CAT;HMOX1;SSR3;MTHFD1;UGDH;FAH;FAS;GSTO1;HACL1,APOE;ATP2A2;ARPP19;HES6;SPINT2;SLC6A6;MT2A;DCXR;CDA;PPARD;EPHA2;PDLIM5;TPST1;IGFBP4;PROS1;PINK1;ETFDH;CYB5A;PYCR1;PGRMC1;EPHX1;BCAR1;GCH1;SLC46A3;ATOH8;GAD1;JUP;ETS2;FBLN1;NDRG2;CYP2S1;NFS1;CA2;CYP27A1;ID2;AHCY;ABCC2;POR;SERTAD1;TMBIM6;ABHD6;CASP6;PC
HALLMARK_ALLOGRAFT_REJECTION,0.2747274648883455,1.1343292326281025,0.23514538558786346,0.31215361757998755,200,100,TGFB1;TAP1;IL27RA;EIF4G3;HLA-E;CSK;HLA-DOA;FLNA;IL11;HLA-DMB;CCND3;F2R;TRAF2;TAP2;GCNT1;CD4;ST8SIA4;CD40;SOCS5;CD47;B2M;DYRK3;STAB1;SOCS1;PRKCB;CD7;DEGS1;RIPK2;EIF5A;RPS19;APBB1;LYN;ICOSLG;CCND2;HDAC9;ACHE;CDKN2A;INHBB;HLA-DMA;WAS;IFNGR2;RPL3L;IRF8;IFNGR1;MAP4K1;BCAT1;ITGB2;STAT1;RPL39;MAP3K7;IKBKB;C2;GALNT1;UBE2N;ETS1;TLR6;IL12A;ELF4;RPS9;AKT1;HIF1A;EGFR;ACVR2A;PTPN6;UBE2D1;JAK2;RPS3A;CSF1;AARS;PSMB10;NME1;BCL10;HLA-DQA1;NOS2;BCL3;RPL9;IL15;IL4R;IL16;STAT4;NCK1;IFNAR2;GLMN;EIF3J;TIMP1;TPD52;ABCE1;ABI1;EIF3A;MRPL3;EIF3D;BRCA1;DARS;WARS;RARS;LIF;FAS;MTIF2;NPM1;CAPG,TGFB1;TAP1;IL27RA;EIF4G3;HLA-E;CSK;HLA-DOA;FLNA;IL11;HLA-DMB;CCND3;F2R;TRAF2;TAP2;GCNT1;CD4;ST8SIA4;CD40;SOCS5;CD47;B2M;DYRK3;STAB1;SOCS1;PRKCB;CD7;DEGS1;RIPK2;EIF5A;RPS19;APBB1;LYN
HALLMARK_BILE_ACID_METABOLISM,-0.23467554255292586,-1.0816506880238572,0.26294820717131473,0.3336860670194003,112,76,BMP6;ABCA3;DHCR24;ABCA2;SLC29A1;SLC35B2;FADS2;PRDX5;FADS1;ATXN1;HSD3B7;ALDH8A1;SULT2B1;ABCG4;CYP27A1;IDI1;PEX6;PFKM;SLC27A5;OPTN;RETSAT;LIPE;PEX11A;SULT1B1;RXRG;GNPAT;NR3C2;BCAR3;IDH2;PNPLA8;HSD17B11;ABCA5;SLC27A2;NPC1;PIPOX;PEX16;ISOC1;RXRA;ABCD1;PXMP2;HSD17B4;SCP2;SLCO1A2;GCLM;ABCD3;EFHC1;SOD1;CROT;NUDT12;TFCP2L1;SLC23A2;PAOX;CYP39A1;FDXR;HSD17B6;PEX1;LONP2;PEX13;PEX26;RBP1;NEDD4;MLYCD;AMACR;PEX7;PEX19;PECR;GSTK1;PEX12;ALDH9A1;IDH1;PEX11G;CAT;ACSL1;EPHX2;HACL1;PHYH,HSD17B6;PEX1;LONP2;PEX13;PEX26;RBP1;NEDD4;MLYCD;AMACR;PEX7;PEX19;PECR;GSTK1;PEX12;ALDH9A1;IDH1;PEX11G;CAT;ACSL1;EPHX2;HACL1;PHYH
HALLMARK_HYPOXIA,0.24451189548555616,1.0877381207633396,0.29265402843601895,0.3837853125606051,200,166,TPST2;COL5A1;S100A4;CDKN1C;TPBG;SLC6A6;MT2A;TGM2;CHST2;ERRFI1;GPC4;EFNA3;PRDX5;CXCR4;SELENBP1;JUN;RBPJ;SCARB1;GALK1;PLAUR;CYR61;MAFF;EXT1;CITED2;PTRF;KIF5A;DUSP1;ALDOA;SULT2B1;KDELR3;PPFIA4;PFKFB3;NDST1;GPC1;SDC2;PNRC1;ADORA2B;CA12;ADM;PRKCA;NEDD4L;FOXO3;EFNA1;PDK3;FOS;CASP6;NDST2;P4HA2;PGF;ENO2;B3GALT6;JMJD6;SLC37A4;MYH9;SIAH2;MIF;ZFP36;GLRX;CAV1;WSB1;ALDOC;TNFAIP3;RORA;KLF6;FAM162A;TPI1;ENO3;NDRG1;B4GALNT2;DTNA;HK1;CSRP2;AKAP12;P4HA1;TIPARP;ILVBL;SLC2A3;GPC3;CTGF;TMEM45A;SLC2A1;AK4;ANKZF1;RRAGD;ZNF292;KDM3A;CCNG2;SDC4;PCK1;MAP3K1;GAA;VLDLR;PAM;ENO1;STBD1;GAPDH;PYGM;BNIP3L;ETS1;PGK1;CDKN1A;PGM1;ATP7A;CDKN1B;BHLHE40;PGM2;PLAC8;EGFR;IRS2;LDHA;PFKP;KLHL24;HOXB9;ANXA2;GYS1;GCNT2;PIM1;HEXA;SAP30;LOX;SLC25A1;UGP2;NR3C1;F3;SRPX;GCK;BCL2;FOSL2;PHKG1;VHL;DDIT4;PGAM2;HSPA5;NAGK;GAPDHS;GPI;TPD52;TKTL1;MXI1;NFIL3;GBE1;SDC3;HDLBP;PLIN2;CHST3;VEGFA;LXN;KLF7;BTG1;TES;TGFB3;ATF3;GRHPR;XPNPEP1;LDHC;PFKL;HK2;DDIT3;PDK1;HMOX1;ISG20;DPYSL4;STC2;IDS;BCAN;PPP1R15A,TPST2;COL5A1;S100A4;CDKN1C;TPBG;SLC6A6;MT2A;TGM2;CHST2;ERRFI1;GPC4;EFNA3;PRDX5;CXCR4;SELENBP1;JUN;RBPJ;SCARB1;GALK1;PLAUR;CYR61;MAFF;EXT1;CITED2;PTRF;KIF5A;DUSP1;ALDOA;SULT2B1;KDELR3;PPFIA4;PFKFB3;NDST1;GPC1;SDC2;PNRC1;ADORA2B;CA12;ADM;PRKCA;NEDD4L;FOXO3;EFNA1;PDK3;FOS;CASP6;NDST2;P4HA2;PGF;ENO2;B3GALT6;JMJD6;SLC37A4;MYH9;SIAH2;MIF;ZFP36;GLRX;CAV1;WSB1;ALDOC;TNFAIP3;RORA;KLF6;FAM162A;TPI1;ENO3;NDRG1;B4GALNT2;DTNA
HALLMARK_ADIPOGENESIS,0.24230915066006498,1.0934237491990082,0.2825322391559203,0.38387775551102205,200,171,APOE;CD151;ESRRA;GPX4;LPCAT3;PPP1R15B;APLP2;DGAT1;LPL;UQCRC1;UQCR11;SLC25A10;PIM3;VEGFB;ENPP2;TOB1;ITGA7;MGLL;CS;ATP1B3;SCARB1;ADIPOR2;REEP6;UQCR10;DHCR7;PPARG;DHRS7B;ACLY;ADCY6;RNF11;SLC5A6;PTRF;CMPK1;FZD4;ALDOA;PQLC3;PFKFB3;STOM;PHLDB1;ELOVL6;COX6A1;POR;TKT;NDUFAB1;AGPAT3;TALDO1;SLC27A1;ARAF;GPX3;BAZ2A;LAMA4;LIFR;SLC1A5;RREB1;SNCG;RTN3;CYC1;COX7B;COL4A1;SDHB;CHUK;RETSAT;MDH2;LIPE;ALDH2;ESYT1;G3BP2;ABCB8;ARL4A;PPM1B;NDUFB7;ATL2;IFNGR1;CCNG2;PRDX3;SLC19A1;ELMOD3;ACADS;YWHAG;AK2;SORBS1;TST;COQ9;ECH1;COX8A;IDH3A;PGM1;REEP5;MAP4K3;CRAT;UCK1;ACOX1;BCL6;MGST3;ITSN1;SCP2;JAGN1;SDHC;NKIRAS1;UQCRQ;BCKDHA;DRAM2;CD302;DDT;SLC25A1;ME1;CDKN2C;NDUFA5;PEX14;SOD1;COQ3;RAB34;IMMT;ACAA2;PREB;MTCH2;PTCD3;DLAT;SUCLG1;MYLK;BCL2L13;CHCHD10;DLD;C3;GRPEL1;GPAM;AIFM1;NDUFS3;DBT;TANK;HSPB8;MCCC1;NMT1;IDH3G;HIBCH;ACADM;RIOK3;UBC;PDCD4;GBE1;CMBL;GPD2;PEMT;DHRS7;GPHN;QDPR;PLIN2;ETFB;ATP5O;ECHS1;COQ5;UBQLN1;IDH1;DECR1;GADD45A;ACO2;SSPN;PFKL;UCP2;CAT;SAMM50;DNAJB9;FAH;GHITM;EPHX2;HADH;MRPL15;ACADL;SULT1A1;PHYH;CPT2,APOE;CD151;ESRRA;GPX4;LPCAT3;PPP1R15B;APLP2;DGAT1;LPL;UQCRC1;UQCR11;SLC25A10;PIM3;VEGFB;ENPP2;TOB1;ITGA7;MGLL;CS;ATP1B3;SCARB1;ADIPOR2;REEP6;UQCR10;DHCR7;PPARG;DHRS7B;ACLY;ADCY6;RNF11;SLC5A6;PTRF;CMPK1;FZD4;ALDOA;PQLC3;PFKFB3;STOM;PHLDB1;ELOVL6;COX6A1;POR;TKT;NDUFAB1;AGPAT3;TALDO1;SLC27A1;ARAF;GPX3
HALLMARK_REACTIVE_OXIGEN_SPECIES_PATHWAY,0.290557652992055,1.0694407444244698,0.3637640449438202,0.410167992234469,49,45,GPX4;SRXN1;JUNB;CDKN2D;HHEX;ATOX1;STK25;PRDX4;OXSR1;EGLN2;SOD2;PRDX1;TXNRD1;GPX3;HMOX2;G6PD;GLRX;SBNO2;TXNRD2;FTL;ERCC2;MSRA;GSR;NDUFA6;NDUFB4;ABCC1;MGST1;SCAF4;PRDX2;MBP;TXN;PFKP;GLRX2;GCLM;GCLC;SOD1;PRNP;IPCEF1;PRDX6;LSP1;NQO1;CAT;NDUFS2;FES;PDLIM1,GPX4;SRXN1;JUNB;CDKN2D;HHEX;ATOX1;STK25;PRDX4;OXSR1;EGLN2;SOD2;PRDX1;TXNRD1;GPX3;HMOX2;G6PD
HALLMARK_APOPTOSIS,0.24471642662039028,1.0471342856049475,0.3794749403341289,0.4467343778466023,161,126,TGFBR3;GPX4;TAP1;BCL2L11;EBP;TSPO;BMF;ERBB3;SMAD7;SAT1;ANKH;GSN;SPTAN1;CLU;JUN;F2R;TIMP2;SLC20A1;CD44;GCH1;EGR3;RHOT2;CDC25B;MCL1;PPT1;SOD2;SATB1;PMAIP1;GADD45B;GPX3;MADD;CASP6;MMP2;BIK;ENO2;BCAP31;GPX1;PPP2R5B;LEF1;BCL2L2;CAV1;CCND2;APP;LGALS3;PLAT;RETSAT;CASP9;HSPB1;CREBBP;EMP1;BID;CD14;RHOB;LUM;TNFRSF12A;ERBB2;IFITM3;LMNA;GSR;CCND1;IFNGR1;RARA;PTK2;FEZ1;TXNIP;CASP7;RELA;XIAP;WEE1;DFFA;PPP3R1;CYLD;ROCK1;IGFBP6;BNIP3L;CASP3;DNAJA1;ADD1;CDKN1A;CTNNB1;BAX;CDKN1B;PLCB2;BMP2;IGF2R;H1F0;BTG2;DAP;PSEN1;CASP8;BCL10;SQSTM1;VDAC2;TOP2A;CFLAR;SOD1;DNAJC3;BTG3;ETF1;DPYD;PSEN2;DNM1L;PAK1;CASP2;FDXR;TIMP3;TIMP1;BCL2L1;PDCD4;IRF1;KRT18;DIABLO;PEA15;ANXA1;CDK2;BRCA1;HMGB2;GADD45A;ATF3;DDIT3;HMOX1;ISG20;FAS;CTH;DAP3;RNASEL,TGFBR3;GPX4;TAP1;BCL2L11;EBP;TSPO;BMF;ERBB3;SMAD7;SAT1;ANKH;GSN;SPTAN1;CLU;JUN;F2R;TIMP2;SLC20A1;CD44;GCH1;EGR3;RHOT2;CDC25B;MCL1;PPT1;SOD2;SATB1;PMAIP1;GADD45B;GPX3;MADD;CASP6;MMP2;BIK;ENO2;BCAP31;GPX1;PPP2R5B;LEF1
HALLMARK_IL6_JAK_STAT3_SIGNALING,0.2648599832999898,1.000419289147296,0.4707482993197279,0.5374970529293882,87,54,TGFB1;CD9;GRB2;TYK2;JUN;CD44;IL15RA;SOCS3;SOCS1;STAT3;CNTFR;PTPN11;CSF2RA;TNFRSF21;STAT2;BAK1;PDGFC;MAP3K8;IL17RA;IL18R1;IL6ST;IL17RB;IFNGR2;CD14;IL3RA;TNFRSF12A;IL13RA1;IFNAR1;IL9R;IFNGR1;LTBR;STAT1;MYD88;PIK3R5;TNFRSF1A;CBL;CSF1;PIM1;ACVR1B;LEPR;ACVRL1;IL4R;PTPN2;IRF9;CXCL3;IL10RB;ITGA4;STAM2;PTPN1;IRF1;INHBE;HMOX1;HAX1;FAS,TGFB1;CD9;GRB2;TYK2;JUN;CD44;IL15RA;SOCS3;SOCS1;STAT3;CNTFR;PTPN11;CSF2RA;TNFRSF21;STAT2;BAK1;PDGFC;MAP3K8;IL17RA;IL18R1;IL6ST;IL17RB;IFNGR2;CD14;IL3RA;TNFRSF12A;IL13RA1;IFNAR1
HALLMARK_INTERFERON_ALPHA_RESPONSE,0.23549223234747638,0.9016029318072141,0.6396276595744681,0.7436852275980532,97,64,TAP1;IFI30;IFITM1;HLA-C;PSME2;PROCR;LGALS3BP;FAM46A;IFITM2;TRIM21;CD47;B2M;PSME1;GMPR;IFI35;UBE2L6;TMEM140;ELF1;STAT2;RIPK2;IFI44L;SLC25A28;PARP12;LY6E;C1S;IFITM3;BST2;UBA7;TXNIP;OGFR;TRIM25;BATF2;ADAR;TRIM14;EIF2AK2;RNF31;IFI27;USP18;CNP;TDRD7;CASP8;CSF1;IL15;IL4R;IRF9;MX1;MOV10;TRAFD1;PSMA3;IRF2;PLSCR1;IRF1;PNPT1;NMI;TRIM5;NCOA7;LAP3;DDX60;ISG20;WARS;LAMP3;NUB1;HERC6;ISG15,TAP1;IFI30;IFITM1;HLA-C;PSME2;PROCR;LGALS3BP;FAM46A;IFITM2;TRIM21;CD47;B2M;PSME1;GMPR;IFI35;UBE2L6;TMEM140;ELF1;STAT2;RIPK2;IFI44L
HALLMARK_PI3K_AKT_MTOR_SIGNALING,0.20925485144658412,0.8684066450933644,0.7303664921465969,0.7742755781833939,105,93,TIAM1;GRB2;CFL1;ITPR2;E2F1;CXCR4;PLCG1;MAP2K3;TRAF2;RAF1;PIKFYVE;CAB39L;RPS6KA1;RIT1;RALB;CAMK4;PRKCB;PTPN11;SFN;PIK3R3;DUSP3;VAV3;PFN1;STAT2;PAK4;ARHGDIA;MAPK1;MAPK8;ECSIT;SLC2A1;MKNK1;CAB39;EIF4E;PRKAR2A;CALR;AKT1S1;ATF1;NFKBIB;PRKAA2;GSK3B;IRAK4;PPP1CA;MAP3K7;RPTOR;HRAS;PLA2G12A;MYD88;UBE2N;MAPK9;CDKN1A;CDKN1B;MKNK2;MAPKAP1;AKT1;TBK1;EGFR;ARPC3;TNFRSF1A;ACACA;TSC2;RIPK1;SQSTM1;RAC1;AP2M1;CDK1;HSP90B1;PRKAG1;PPP2R1B;NCK1;PIN1;RPS6KA3;ARF1;SMAD2;UBE2D3;PTEN;GNGT1;MAPK10;PITX2;CDK4;CLTC;ACTR3;YWHAB;MAP2K6;ACTR2;NOD1;CSNK2B;CDK2;PLCB1;TRIB3;DDIT3;PDK1;THEM4;NGF,TIAM1;GRB2;CFL1;ITPR2;E2F1;CXCR4;PLCG1;MAP2K3;TRAF2;RAF1;PIKFYVE;CAB39L;RPS6KA1;RIT1;RALB;CAMK4;PRKCB;PTPN11;SFN;PIK3R3;DUSP3;VAV3;PFN1;STAT2;PAK4;ARHGDIA;MAPK1;MAPK8
HALLMARK_G2M_CHECKPOINT,0.192153270529628,0.870658202537529,0.7762237762237763,0.7908984635938543,200,195,PAPD7;TGFB1;PURA;TFDP1;CBX1;HIST1H2BK;DTYMK;MT2A;NOTCH2;MKI67;E2F1;POLE;CUL4A;AMD1;ILF3;HMGA1;G3BP1;WHSC1;INCENP;PDS5B;UPF1;UBE2S;CDC25B;LBR;H2AFV;TROAP;HIRA;ATRX;SQLE;DDX39A;TLE3;CTCF;PRPF4B;CCNF;NUP50;EFNA5;SRSF1;SRSF2;SLC38A1;ESPL1;NUMA1;CENPF;SLC12A2;CCNT1;E2F3;CENPA;UCK2;NOLC1;TNPO2;MTF2;CHMP1A;DBF4;CKS2;MYC;CASP8AP2;BIRC5;MARCKS;TOP1;GSPT1;H2AFX;SLC7A1;H2AFZ;PAFAH1B1;KIF22;ABL1;XPO1;MAPK14;STIL;CCND1;SS18;ORC6;PTTG1;CHAF1A;RASAL2;PML;RBM14;HN1;STMN1;MCM3;POLQ;E2F2;BUB1;RPS6KA5;DR1;PRC1;AURKB;E2F4;GINS2;CDC25A;SFPQ;KIF5B;CDC27;STAG1;CDC45;CDKN1B;SMAD3;SNRPD1;LIG3;ARID4A;SLC7A5;YTHDC1;CUL5;HIF1A;KIF23;SUV39H1;SYNCRIP;PLK1;KIF20B;HSPA8;HMGB3;KIF11;TACC3;KPNB1;MCM6;CUL1;RAD23B;BRCA2;TPX2;KIF2C;SAP30;CENPE;MYBL2;AURKA;CUL3;NUP98;SRSF10;TRA2B;PLK4;SMC4;KIF4A;BCL3;NCL;FBXO5;SMC2;TOP2A;RACGAP1;NASP;CDKN2C;EZH2;TTK;CHEK1;TRAIP;RPA2;CDK1;MCM5;DKC1;MAD2L1;ODF2;MCM2;LMNB1;DMD;HOXC10;MNAT1;SMC1A;TMPO;CCNA2;RAD21;CDK4;HUS1;WRN;HNRNPU;RAD54L;CDKN3;FOXN3;MEIS2;CDC20;NEK2;CCNB2;RBL1;CDC7;KPNA2;MEIS1;KATNA1;KIF15;BUB3;PRMT5;CKS1B;PRIM2;PBK;NDC80;EWSR1;HNRNPD;BARD1;SMARCC1;CDC6;EXO1;UBE2C;FANCC;HMMR;ORC5;POLA2;ATF5;NUSAP1;HMGN2;ODC1,PAPD7;TGFB1;PURA;TFDP1;CBX1;HIST1H2BK;DTYMK;MT2A;NOTCH2;MKI67;E2F1;POLE;CUL4A;AMD1;ILF3;HMGA1;G3BP1;WHSC1;INCENP;PDS5B;UPF1;UBE2S;CDC25B;LBR;H2AFV;TROAP;HIRA;ATRX;SQLE;DDX39A;TLE3;CTCF;PRPF4B;CCNF;NUP50;EFNA5;SRSF1;SRSF2;SLC38A1;ESPL1;NUMA1;CENPF;SLC12A2;CCNT1;E2F3
HALLMARK_OXIDATIVE_PHOSPHORYLATION,-0.16478469358390113,-0.896761484716078,0.7862068965517242,0.7929166666666667,200,197,TCIRG1;GPX4;SLC25A4;OGDH;MRPL34;TIMM13;UQCRC1;UQCR11;ETFDH;CYB5A;IDH3B;ATP5D;CPT1A;COX4I1;ATP5J2;CS;PMPCA;GOT2;UQCR10;COX6B1;SLC25A5;RHOT2;MTRF1;ATP6V0B;ATP5L;ATP6AP1;COX6A1;POR;PDHB;SLC25A3;NDUFAB1;UQCRH;NDUFA1;ATP5E;ETFA;VDAC1;NDUFA2;COX17;ATP5A1;NDUFC1;MRPS12;NDUFB1;NDUFA4;ACADVL;ATP6V0C;OAT;UQCRFS1;ABCB7;CYC1;SDHA;COX7B;HADHA;SLC25A20;COX11;SDHB;ACADSB;RETSAT;MDH2;COX6C;SLC25A6;COX7A2;COX7C;NDUFB7;ATP6V0E1;NDUFB8;NDUFC2;OXA1L;NDUFS6;ATP5G3;PDP1;PDK4;ACAA1;OPA1;ATP5B;IDH2;PRDX3;ATP5J;POLR2F;NDUFA6;MRPS15;NDUFB4;ATP5G1;ALAS1;FXN;CYCS;CASP7;MFN2;ATP6V1F;MDH1;VDAC3;ECH1;COX8A;IDH3A;TOMM22;NNT;SLC25A11;LDHB;BAX;CYB5R3;ATP1B1;HTRA2;LRPPRC;NDUFS8;ATP6V1C1;UQCRB;NDUFS7;HADHB;LDHA;MGST3;ATP6V1H;SDHC;UQCRQ;SUCLA2;ISCA1;NDUFA3;BCKDHA;FDX1;COX5A;NDUFB6;TIMM50;PDHA1;NDUFB2;COX7A2L;TIMM17A;VDAC2;ISCU;NDUFS1;NDUFA5;ATP5I;DLST;IMMT;ACAA2;MTRR;AFG3L2;PDHX;SURF1;DLAT;SUCLG1;NDUFV1;DLD;GRPEL1;AIFM1;TIMM8B;NDUFS3;NDUFB3;COX5B;SLC25A12;NDUFA9;ACAT1;NQO2;ATP6V1G1;MRPL35;FH;IDH3G;SDHD;NDUFA7;ATP6V1E1;HSD17B10;ECI1;PHB2;UQCRC2;ACADM;ATP6V1D;GPI;ATP5H;ATP5C1;MRPL11;GLUD1;NDUFB5;COX10;RHOT1;ETFB;COX15;ATP5O;MRPS11;ECHS1;TIMM10;SUPV3L1;IDH1;NDUFA8;ATP5G2;NDUFV2;MTX2;BDH2;DECR1;ALDH6A1;MRPS30;ACO2;NDUFS4;HCCS;TIMM9;NDUFS2;MRPL15;ATP5F1;MRPS22;PHYH;HSPA9,COX10;RHOT1;ETFB;COX15;ATP5O;MRPS11;ECHS1;TIMM10;SUPV3L1;IDH1;NDUFA8;ATP5G2;NDUFV2;MTX2;BDH2;DECR1;ALDH6A1;MRPS30;ACO2;NDUFS4;HCCS;TIMM9;NDUFS2;MRPL15;ATP5F1;MRPS22;PHYH;HSPA9
HALLMARK_PEROXISOME,0.2053217789222395,0.8416106667056992,0.766497461928934,0.8040587754456281,104,89,SLC25A4;ABCC5;TSPO;DLG4;DHCR24;CADM1;SLC35B2;PRDX5;FADS1;ATXN1;HSD3B7;CRABP2;SLC25A19;ABCB9;RDH11;SULT2B1;SOD2;PRDX1;STS;CNBP;IDI1;PEX6;YWHAH;FABP6;ACSL4;HSD11B2;SEMA3C;SLC25A17;ESR2;CLN8;RETSAT;ITGB1BP1;PEX11A;RXRG;GNPAT;ABCB1;ACAA1;IDH2;HSD17B11;CTBP1;SLC27A2;HRAS;ECH1;ISOC1;ELOVL5;CRAT;ABCD1;ACOX1;SIAH1;PEX2;HSD17B4;SCP2;ERCC3;ABCB4;BCL10;TOP2A;PEX14;NUDT19;ABCD3;SOD1;MSH2;SLC23A2;FDPS;DHRS3;FIS1;IDE;ACOT8;VPS4B;ECI2;MVP;LONP2;PEX5;PEX13;PABPC1;MLYCD;CLN6;SMARCC1;GSTK1;ABCC8;ALDH9A1;IDH1;EHHADH;PEX11B;HMGCL;CAT;CDK7;ACSL1;EPHX2;ERCC1,SLC25A4;ABCC5;TSPO;DLG4;DHCR24;CADM1;SLC35B2;PRDX5;FADS1;ATXN1;HSD3B7;CRABP2;SLC25A19;ABCB9;RDH11;SULT2B1;SOD2;PRDX1;STS;CNBP;IDI1;PEX6;YWHAH
HALLMARK_SPERMATOGENESIS,-0.1557836490645332,-0.7451518125087602,0.972972972972973,0.9544642857142858,135,86,NF2;MTNR1A;PEBP1;TULP2;PCSK1N;GAD1;CLPB;LPIN1;TLE4;SCG5;CAMK4;TALDO1;SLC12A2;PACRG;STRBP;PHKG2;MAST2;DBF4;MTOR;GMCL1;YBX2;SEPT4;JAM3;TOPBP1;CHRM4;HSPA2;PHF7;ARL4A;GSTM3;PRKAR2A;PGS1;OAZ3;BUB1;IP6K1;POMC;VDAC3;PCSK4;CHFR;TNNI3;BRAF;PIAS2;HSPA4L;AGFG1;SIRT1;GRM8;MAP7;SPATA6;MLLT10;KIF2C;DMC1;AURKA;CNIH2;NCAPH;ACE;TEKT2;IL12RB2;NPY5R;EZH2;TTK;CSNK2A2;RAD17;COIL;CDK1;SNAP91;RFC4;SYCP1;DCC;IDE;GAPDHS;CLGN;CDKN3;PARP2;TKTL1;NEK2;CCNB2;STAM2;NPHP1;IFT88;GFI1;MLF1;PSMG1;TSN;LDHC;ZC3H14;CCT6B;RPL39L,DCC;IDE;GAPDHS;CLGN;CDKN3;PARP2;TKTL1;NEK2;CCNB2;STAM2;NPHP1;IFT88;GFI1;MLF1;PSMG1;TSN;LDHC;ZC3H14;CCT6B;RPL39L
HALLMARK_PANCREAS_BETA_CELLS,0.21019125816826642,0.6495789251857202,0.9314641744548287,0.9834168336673347,40,22,NKX6-1;NKX2-2;VDR;FOXO1;ISL1;MAFB;AKT3;PAK3;STXBP1;INSM1;SRPRB;SRP9;DPP4;GCK;SEC11A;SPCS1;PDX1;LMO2;ELP4;PAX6;ABCC8;SRP14,NKX6-1;NKX2-2;VDR;FOXO1;ISL1
